RazaoSocial;UF;TotalDespesas;MediaTrimestral;DesvioPadrao
BRADESCO SAÚDE S.A.;RJ;322971284920.30;1368522393.73;3757094207.75
SUL AMERICA COMPANHIA DE SEGURO SAÚDE;RJ;255726401082.27;696802182.79;2079710538.48
AMIL ASSISTÊNCIA MÉDICA INTERNACIONAL S.A.;SP;196991269322.51;511665634.60;1781637388.52
NOTRE DAME INTERMÉDICA SAÚDE S.A.;SP;90007168168.94;303054438.28;904014299.39
HAPVIDA ASSISTENCIA MEDICA S.A.;CE;88242948930.23;199644680.84;756318991.94
UNIMED NACIONAL - COOPERATIVA CENTRAL;SP;68667876100.91;191809709.78;563891182.79
CAIXA DE ASSISTÊNCIA DOS FUNCIONÁRIOS DO BANCO DO BRASIL;DF;68076762885.30;412586441.73;1122805114.35
PORTO SEGURO - SEGURO SAÚDE S/A;SP;52438606683.92;241652565.36;647154995.42
GEAP AUTOGESTÃO EM SAÚDE;DF;49508874263.75;250044819.51;594567467.70
UNIMED BELO HORIZONTE COOPERATIVA DE TRABALHO MÉDICO;MG;49310887312.97;107197581.12;400407433.98
PREVENT SENIOR PRIVATE OPERADORA DE SAÚDE LTDA;SP;45279259308.76;345643200.83;836635665.76
UNIMED SEGUROS SAÚDE S/A;SP;44787029682.17;170292888.53;513535878.31
UNIMED DO EST. DO RJ FEDERAÇÃO EST. DAS COOPERATIVAS MÉDICAS;RJ;43900387878.23;327614834.91;641697115.65
UNIMED DE CIANORTE - COOPERATIVA DE TRABALHO MEDICO ;PR;43199618804.05;254115404.73;1874854668.06
UNIMED PORTO ALEGRE - COOPERATIVA MÉDICA LTDA.;RS;32668686237.02;84853730.49;298756697.15
UNIMED CURITIBA - SOCIEDADE COOPERATIVA DE MÉDICOS;PR;29647894428.49;79913462.07;265851420.91
UNIMED CAMPINAS - COOPERATIVA DE TRABALHO MÉDICO;SP;26330548887.79;66659617.44;257079616.34
UNIMED GOIANIA COOPERATIVA DE TRABALHO MÉDICO;GO;22357715423.51;99367624.10;271795177.21
UNIMED DE FORTALEZA SOCIEDADE COOPERATIVA MÉDICA LTDA.;CE;22163102412.35;61908107.30;212047878.46
OMINT SERVIÇOS DE SAÚDE S.A.;SP;19643258616.58;108526290.70;303273029.56
FUNDAÇÃO SAÚDE ITAÚ;MG;19342933329.90;169674853.77;318673591.53
CARE PLUS MEDICINA ASSISTENCIAL LTDA.;SP;19128588207.51;225042214.21;425585842.13
GRUPO HOSPITALAR DO RIO DE JANEIRO LTDA;RJ;18540871641.47;90443276.30;245999476.43
SERV  SOCIAL AUTÔNOMO DE ASSIST À SAÚDE DOS SERV PÚBLICOS E MILITARES DE GOIÁS;GO;18050303438.42;176963759.20;431229871.22
UNIMED VITORIA COOPERATIVA DE TRABALHO MEDICO;ES;16618808578.38;50513095.98;161544949.47
UNIMED FRANCISCO BELTRAO COOPERATIVA DE TRABALHO MEDICO;PR;16004824813.07;83794894.31;685787493.50
FUNDAÇÃO CESP;SP;13752425306.32;99655255.84;232914185.28
UNIMED RECIFE COOPERATIVA DE TRABALHO MÉDICO;PE;13454577761.09;83052949.14;180199220.62
UNIMED BELÉM COOPERATIVA DE TRABALHO MÉDICO;PA;13059894461.43;62787954.14;171690214.89
SAMEDIL SERVIÇOS DE ATENDIMENTO MÉDICO S/A;ES;12870264538.19;117002404.89;210354043.32
FUNDAÇÃO ASSISTENCIAL DOS SERVIDORES DO MINISTÉRIO DA FAZENDA;DF;12395498249.76;83191263.42;203720233.48
UNIMED GRANDE FLORIANÓPOLIS-COOPERATIVA DE TRABALHO MEDICO;SC;11945382972.64;27025753.33;89262324.96
UNIMED DO ESTADO DE SÃO PAULO - FEDERAÇÃO ESTADUAL DAS COOP. MÉDICAS;SP;11894187181.09;56909986.51;154186920.52
UNIMED CUIABA COOPERATIVA DE TRABALHO MÉDICO;MT;11863099400.26;27208943.58;100791685.84
UNIMED SAO JOSÉ DO RIO PRETO - COOP. DE TRABALHO MÉDICO;SP;11473827252.20;40400800.18;120652847.36
BRADESCO SAÚDE - OPERADORA DE PLANOS  S/A;SP;11290181741.06;289491839.51;586563793.58
SUL AMÉRICA PARANÁ CLÍNICAS SERVIÇOS DE SAÚDE S.A.;SP;10064827565.28;53822607.30;320464289.26
UNIMED NATAL SOC. COOP. DE TRAB. MÉDICO;RN;9934350721.19;40548370.29;111956251.53
ASSOCIAÇÃO PETROBRAS DE SAÚDE - APS;RJ;9492632107.74;155616919.80;580904733.13
CAIXA BENEFICENTE DOS FUNCIONARIOS DO BANCO DO ESTADO DE SÃO PAULO;SP;9316961876.00;50635662.37;142538140.34
NOTRE DAME INTERMÉDICA MINAS GERAIS SAÚDE S.A.;CE;9141510009.78;30070756.61;86098027.17
UNIMED-SÃO GONÇALO - NITERÓI - SOC.COOP.SERV.MED E HOSP LTDA;RJ;8971497265.17;32155904.18;84091342.44
UNIMED DE LONDRINA COOPERATIVA DE TRABALHO MÉDICO;PR;8896014462.88;31546150.58;91939912.82
UNIMED SOROCABA COOPERATIVA DE TRABALHO MÉDICO;SP;8696823459.32;52390502.77;134598545.45
UNIMED SERRA GAUCHA/RS COOPERATIVA DE ASSISTENCIA A SAUDE LTDA;RS;8557467235.69;29306394.64;91067014.46
UNIMED MACEIO COOPERATIVA DE TRABALHO MÉDICO;AL;8549787079.87;27759048.96;91431083.09
UNIMED JOAO PESSOA - COOPERATIVA DE TRABALHO MÉDICO;PB;8392353478.86;52782097.35;138778984.36
HUMANA SAÚDE NORDESTE LTDA. ;PI;8356390248.74;29423909.33;88391667.99
UNIMED CAMPO GRANDE MS COOPERATIVA DE TRABALHO MÉDICO;MS;7788798757.67;30424995.15;81146489.68
CAIXA DE ASSISTENCIA DOS SERVIDORES DO ESTADO DE MATO GROSSO DO SUL;MS;7629703682.52;69997281.49;154391542.06
UNIMED REGIONAL MARINGÁ COOP.DE TRABALHO MÉDICO;PR;7371158930.77;22003459.49;67619714.83
UNIMED DE SANTOS COOP DE TRAB MEDICO;SP;7320780021.61;25157319.66;79564505.44
SANTA HELENA ASSISTÊNCIA MÉDICA S/A.;SP;7132977495.77;36579371.77;91705379.77
UNIMED DE RIBEIRAO PRETO - COOPERATIVA DE TRABALHO MÉDICO;SP;7082134176.92;34716344.00;84239978.98
UNIMED UBERLÂNDIA COOPERATIVA REGIONAL TRABALHO MÉDICO LTDA;MG;6834561141.47;23980916.29;67590757.75
SAMP ESPIRITO SANTO ASSISTENCIA MEDICA SA;ES;6561701475.52;23351250.80;70360442.49
CLINIPAM CLINICA PARANAENSE DE ASSISTENCIA MEDICA LTDA;CE;6549982737.43;24904877.33;67172607.98
ODONTOPREV S/A;SP;6407533016.95;59883486.14;130825338.63
UNIMED BLUMENAU - COOPERATIVA DE TRABALHO MEDICO;SC;6368087295.14;17640131.01;57360317.16
CENTRO TRASMONTANO DE SAO PAULO;SP;6316194632.39;59029856.38;121807112.17
FUNDAÇÃO SÃO FRANCISCO XAVIER;MG;6124464005.50;26861684.23;72811597.73
UNIMED DO ESTADO DO PARANÁ FEDERAÇÃO ESTADUAL DAS COOPERATIVAS MÉDICAS;PR;6094936836.31;13544304.08;52174838.29
UNIMED DO ESTADO DE SANTA CATARINA FED. EST. DAS COOP. MÉD.;SC;5955000601.37;14595589.71;48793015.38
UNIMED DIVINOPOLIS - COOPERATIVA DE TRABALHO MEDICO LTDA;MG;5766034896.07;15583878.10;49597554.74
POSTAL SAÚDE CAIXA DE ASSISTÊNCIA E SAÚDE DOS EMPREGADOS DOS CORREIOS;DF;5761123493.62;55933237.80;188799796.72
UNIMED SAO JOSE DOS CAMPOS - COOPERATIVA DE TRABALHO MEDICO;SP;5618489188.54;17077474.74;55964487.48
ASSOCIAÇÃO DE BENEFICÊNCIA E FILANTROPIA SÃO CRISTOVÃO;SP;5519070016.69;33448909.19;87977071.85
UNIMED DE PIRACICABA SOCIEDADE COOPERATIVA DE SERVIÇOS MÉDICOS;SP;5304022210.88;12480052.26;45976821.56
UNIMED DE JOINVILLE COOPERATIVA DE TRABALHO MÉDICO;SC;5261428896.60;23488521.86;59302361.43
UNIMED - COOPERATIVA DE SERVIÇOS DE SAÚDE DOS VALES DO TAQUARI E RIO PARDO LTDA.;RS;5145686113.49;17929219.91;51293717.43
CEMIG SAÚDE;MG;5133385415.01;37198445.04;92368577.67
UNIMED LITORAL COOPERATIVA DE TRABALHO MÉDICO LTDA;SC;5109236714.03;18923098.94;52843578.07
UNIMED DE BAURU COOPERATIVA DE TRABALHO MÉDICO;SP;4919421982.60;9460426.89;36235873.91
UNIMED SERGIPE - COOPERATIVA DE TRABALHO MÉDICO;SE;4841825405.67;17169593.64;52492774.68
UNIMED JUIZ DE FORA COOPERATIVA DE TRABALHO MÉDICO LTDA;MG;4828669791.90;12318035.18;41108441.71
UNIMED DE CASCAVEL COOPERATIVA DE TRABALHO MÉDICO;PR;4799701734.30;15999005.78;47408059.76
SINDIFISCO NACIONAL - SINDICATO NACIONAL DOS AUDITORES-FISCAIS DA RECEITA FEDERAL DO BRASIL;DF;4720758311.62;32333961.04;75449312.70
UNIMED TERESINA - COOPERATIVA DE TRABALHO MÉDICO;PI;4704390798.58;21779587.03;58964966.67
PASA - PLANO DE ASSISTENCIA A SAUDE DO APOSENTADO DA VALE;RJ;4460775530.05;26711230.72;74418534.78
UNIMED SÃO CARLOS - COOPERATIVA DE TRABALHO MÉDICO;SP;4186002585.51;17812776.96;49739129.01
CAIXA DE ASSISTÊNCIA DOS FUNCIONÁRIOS DO BANCO DO NORDESTE DO BRASIL;CE;4088197277.23;23907586.42;61342407.69
UNIMED DE PRESIDENTE PRUDENTE COOPERATIVA DE TRAB. MÉDICO;SP;4016124427.18;12472436.11;39864524.15
ASSOCIAÇÃO SANTA CASA SAÚDE DE SÃO JOSÉ DOS CAMPOS;SP;3946754778.80;30834021.71;81039330.65
UNIMED DE MACAÉ COOPERATIVA DE ASSISTÊNCIA À SAÚDE;RJ;3897573947.58;14382191.69;39519640.69
PLANO HOSPITAL SAMARITANO LTDA;SP;3857053799.20;35713461.10;84559284.71
INSTITUTO CURITIBA DE SAÚDE;PR;3769496831.95;38464253.39;83461893.11
UNIMED NORTE DO MATO GROSSO COOPERATIVA DE TRABALHO MÉDICO;MT;3761768593.44;16426937.09;46199048.50
CENTRO CLÍNICO GAÚCHO LTDA;CE;3721624849.38;14259099.04;37826270.55
ALICE OPERADORA LTDA.;SP;3682253596.56;31205538.95;57420427.01
UNIMED JUNDIAI - COOPERATIVA DE TRABALHO MÉDICO;SP;3634213629.54;13215322.29;40988782.76
UNIMED VALE DO SINOS - COOPERATIVA DE ASSISTÊNCIA À SAÚDE LTDA;RS;3632358103.43;14244541.58;42576176.18
UNIMED DE VOLTA REDONDA COOPERATIVA DE TRABALHO MÉDICO;RJ;3630657397.75;15319229.53;42683524.28
HUMANA SAÚDE LTDA.;PR;3525330777.32;12413136.54;33927049.18
UNIMED CARUARU-COOPERATIVA DE TRABALHO MEDICO;PE;3479944897.37;17313158.69;46596218.79
UNIMED SUL CAPIXABA COOPERATIVA DE TRABALHO MÉDICO;ES;3468110917.31;12703702.99;38584452.70
UNIMED NOVA FRIBURGO-SOC.COOP.SERV.MED.HOSP.LTDA.;RJ;3425158475.84;13431994.02;36164156.42
UNIMED UBERABA COOPERATIVA DE TRABALHO MEDICO LTDA.;MG;3408370469.92;12530773.79;35027687.66
UNIMED DE SANTA BÁRBARA D'OESTE E AMERICANA - COOP DE TRABALHO MÉDICO;SP;3314770427.16;10976061.02;33484524.06
UNIMED NOVA IGUACU COOPERATIVA DE TRABALHO MEDICO;RJ;3267389516.86;19923106.81;46432616.88
ITAUSEG SAÚDE S.A.;SP;3186520577.07;46860596.72;73523389.79
UNIMED DE MARILIA COOPERATIVA DE TRABALHO MÉDICO;SP;3183902869.84;7353124.41;27992808.67
UNIMED PONTA GROSSA COOPERATIVA DE TRABALHO MEDICO;PR;3174622640.55;13624989.87;32769327.94
UNIMED VALE DO SÃO FRANCISCO COOPERATIVA DE TRABALHO MÉDICO;PE;3160924263.83;14048552.28;38552263.64
METRUS INSTITUTO DE SEGURIDADE SOCIAL;SP;3155494429.02;19240819.69;51672659.21
LEVE SAUDE OPERADORA DE PLANOS DE SAUDE S.A;RJ;3139331329.49;16350684.01;40501460.59
SOBAM CENTRO MÉDICO HOSPITALAR S.A.;SP;3082963783.76;17127576.58;51073602.76
SAMEL PLANO DE SAÚDE LTDA;AM;3002237459.85;34508476.55;76399780.23
QUALLITY PRÓ SAÚDE PLANO DE ASSISTÊNCIA MÉDICA LTDA.;DF;2977911756.53;19721269.91;49907958.41
UNIMED DE ARARAQUARA - COOP. DE TRAB. MÉDICO;SP;2967941692.40;18208231.24;41414989.65
FUNDAÇÃO COPEL DE PREVIDÊNCIA E ASSISTÊNCIA SOCIAL;PR;2967700301.71;17560356.81;46098908.08
MEDISERVICE OPERADORA DE PLANOS DE SAÚDE S.A.;SP;2964574766.89;42351068.10;81265590.58
UNIMED REGIONAL DA BAIXA MOGIANA - COOPERATIVA DE TRABALHO MÉDICO;SP;2949454547.72;9576151.13;34151251.53
UNIMED FRANCA - SOCIEDADE COOPERATIVA DE SERVIÇOS MÉDICOS E HOSPITALARES;SP;2923685293.69;7420521.05;27655979.86
REAL GRANDEZA - FUNDAÇÃO DE PREVIDÊNCIA E ASSISTÊNCIA SOCIAL;RJ;2901581587.51;13817055.18;37060446.92
UNIMED PORTO VELHO - SOCIEDADE COOPERATIVA MÉDICA LTDA;RO;2820284284.64;11606108.17;26557769.22
DOCTOR CLIN OPERADORA DE PLANOS DE SAÚDE LTDA.;RS;2812299441.28;16070282.52;49217688.33
COOPERATIVA CENTRAL UNIMED DE COOPERATIVAS DE ASSISTÊNCIA À SAÚDE DO RIO GRANDE DO SUL LTDA.;RS;2797397948.25;8580975.30;29779333.74
UNIMED DE CRICIÚMA COOPERATIVA DE TRABALHO MÉDICO DA REGIÃO CARBONÍFERA;SC;2788905428.30;6516134.18;24331792.33
H.B. SAÚDE S/A.;SP;2779421283.28;21545901.42;48757570.96
CAIXA DE PREVIDÊNCIA E ASSISTÊNCIA DOS SERVIDORES DA FUNDAÇÃO NACIONAL DE SAÚDE - CAPESESP;RJ;2744562143.92;23865757.77;57352630.52
FUNDAÇÃO CHESF DE ASSISTÊNCIA E SEGURIDADE SOCIAL;PE;2729255727.36;24587889.44;61241401.13
UNIMED CAMPINA GRANDE - COOPERATIVA DE TRABALHO MEDICO LTDA;PB;2687501824.24;20359862.30;44287136.09
ASSOCIACAO DOS AUDITORES FISCAIS DA RECEITA ESTADUAL DE SAO PAULO;SP;2674935661.93;28157217.49;66726625.14
UNIMED GOVERNADOR VALADARES COOP. DE TRABALHO MÉDICO LTDA.;MG;2668587892.37;11355693.16;30451769.37
COOPERATIVA DE TRABALHO MÉDICO DE POUSO ALEGRE;MG;2653047970.86;9374727.81;28136479.30
ASSOCIAÇÃO SANTA SAÚDE;SP;2644796030.86;17515205.50;46416299.20
BENSAUDE PLANO DE ASSISTENCIA MEDICA HOSPITALAR LTDA.;SP;2621626123.93;18997290.75;47767942.92
ASSOCIAÇÃO DE SAÚDE PORTUGUESA DE BENEFICÊNCIA;SP;2618988214.90;23383823.35;47664280.21
UNIMED DO CEARÁ - FEDERAÇÃO DAS SOCIEDADES COOPERATIVAS MÉDICAS DO ESTADO DO CEARÁ LTDA.;CE;2558967497.15;18543242.73;43034412.45
UNIMED SANTA MARIA/RS - COOPERATIVA DE ASSISTÊNCIA À SAÚDE LTDA;RS;2556402465.69;8969833.21;25837720.51
UNIMED SALTO/ITU - COOPERATIVA MÉDICA;SP;2468525785.99;8014694.11;24251654.49
ALVORECER - ASSOCIAÇÃO DE SOCORROS MÚTUOS;SP;2448631767.71;27207019.64;57138770.66
KLINI PLANOS DE SAÚDE LTDA;RJ;2382189063.56;23128049.16;46164888.37
CAIXA DE ASSISTÊNCIA DOS EMPREGADOS DO BANCO DO ESTADO DO RIO GRANDE DO SUL;RS;2363728551.92;13584646.85;35994363.09
UNIMED CHAPECÓ - COOPERATIVA DE TRABALHO MÉDICO DA REGIÃO OESTE CATARINENSE;SC;2335365568.22;11336726.06;26934076.17
PROMÉDICA - PROTEÇÃO MEDICA A EMPRESAS S.A.;BA;2309695965.08;25663288.50;56082824.70
PLANO DE SAÚDE ANA COSTA LTDA.;SP;2306962383.81;11534811.92;35902246.77
UNIMED PATOS DE MINAS COOPERATIVA TRABALHO MÉDICO LTDA.;MG;2303522356.86;8792070.06;24523106.63
SERVIÇO SOCIAL DA INDÚSTRIA DO PAPEL, PAPELÃO E CORTIÇA DO ESTADO DE SÃO PAULO - SEPACO;SP;2257727937.35;34734275.96;54506942.07
UNIMED DE CAMPOS COOPERATIVA DE TRABALHO MÉDICO;RJ;2248041432.44;9485406.89;25033671.88
UNIMED RONDONOPOLIS COOPERATIVA DE TRABALHO MÉDICO LTDA;MT;2231931195.15;6526114.61;20823749.05
CAIXA DE ASSISTÊNCIA À SAÚDE - CABERJ;RJ;2209483566.17;12625620.38;30063882.76
CIRCULO OPERARIO CAXIENSE;RS;2193516716.35;12606417.91;30872136.89
BIOVIDA SAÚDE LTDA.;SP;2189011164.64;31271588.07;53420053.99
ASSOCIAÇÃO ASSISTENCIAL DE SAÚDE SUPLEMENTAR CRUZ AZUL SAÚDE;SP;2138437822.60;26400466.95;41990565.94
UNIMED ANHANGUERA COOPERATIVA DE TRABALHO MÉDICO;SP;2136020569.32;9798259.49;28695673.59
UNIMED DE GUARULHOS COOPERATIVA DE TRABALHO MÉDICO;SP;2115368912.96;8888104.68;24048150.76
AUSTACLINICAS ASSISTÊNCIA MÉDICA E HOSPITALAR LTDA;SP;2109147531.41;11588722.70;28970047.56
INTEGRA ASSISTENCIA MEDICA SA;SP;2097904354.65;31786429.62;51533994.95
UNIMED DO SUDOESTE COOPERATIVA DE TRABALHO MEDICO LTDA;BA;2057021126.26;9101863.39;23735868.33
2CARE OPERADORA DE SAÚDE LTDA.;SP;2052157290.29;16549655.57;40299228.93
UNIMED MARANHÃO DO SUL - COOPERATIVA DE TRABALHO MÉDICO;MA;2050136261.32;8233478.96;19123894.78
AMPLA PLANOS DE SAUDE LTDA;RJ;2049270545.33;42693136.36;62981439.13
UNIMED VALE DO SEPOTUBA - COOPERATIVA DE TRABALHO MÉDICO;MT;2018151683.60;8008538.43;20595755.85
UNIMED DE MANAUS COOP. DO TRABALHO MÉDICO LTDA;AM;2015339803.88;15622789.18;27116296.08
UNIMED AMPARO COOPERATIVA DE TRABALHO MÉDICO;SP;1995373806.52;8045862.12;21467450.25
UNIMED RIO VERDE COOPERATIVA TRABALHO MEDICO;GO;1986729035.38;8076134.29;21466539.13
NOSSA SAÚDE - OPERADORA PLANOS PRIVADOS DE ASSISTÊNCIA  À SAÚDE LTDA.;PR;1986062408.99;11033680.05;26514486.99
UNIMED CENTRO RONDÔNIA COOPERATIVA DE TRABALHO MÉDICO;RO;1980816530.32;8084965.43;21732759.49
UNIMED DE BOTUCATU COOPERATIVA DE TRABALHO MÉDICO;SP;1944554592.46;11644039.48;29509526.92
UNIMED LESTE PAULISTA COOPERATIVA DE TRABALHO MÉDICO;SP;1944428760.75;5735778.06;20558433.07
FUNDAÇÃO CELESC DE SEGURIDADE SOCIAL - CELOS;SC;1936952628.86;11739106.84;29210354.12
UNIMED DE LIMEIRA COOPERATIVA DE TRABALHO MÉDICO;SP;1933441840.96;8056007.67;23946983.53
ASSOCIAÇÃO DR. BARTHOLOMEU TACCHINI;RS;1904188357.97;12206335.63;30565111.21
UNIMED PETROPOLIS-RJ COOPERATIVA DE TRABALHO MÉDICO;RJ;1870081602.11;8202112.29;19299256.23
UNIMED DE BEBEDOURO COOPERATIVA DE TRABALHO MÉDICO;SP;1853673287.97;8743741.92;22710423.10
UNIMED COSTA OESTE - COOPERATIVA DE TRABALHO MÉDICO;PR;1849589888.43;6334211.95;18596515.37
PLENA SAÚDE S.A.;SP;1848966377.24;11413372.70;27588766.22
CAIXA DE ASSISTÊNCIA DOS EMPREGADOS DA EMPRESA BRASILEIRA DE PESQUISA  AGROPECUÁRIA;DF;1829670870.88;17592989.14;32261078.87
PROASA SAÚDE;DF;1826408758.04;12862033.51;29154995.46
ABERTTA SAÚDE - ASSOCIAÇÃO BENEFICENTE DOS EMPREGADOS DA ARCELORMITTAL NO BRASIL;MG;1811336298.87;8922838.91;21079907.17
ASSOCIAÇÃO EVANGELICA BENEFICENTE DE LONDRINA;PR;1810759975.75;7838787.77;20328141.69
UNIMED DE TUBARAO - COOPERATIVA DE TRABALHO MEDICO DA REGIAO DA AMUREL;SC;1793677199.71;4280852.51;13484519.02
UNIMED PELOTAS/RS - COOPERATIVA DE ASSISTÊNCIA À SAÚDE LTDA.;RS;1777227369.28;9554985.86;22905094.13
S.P.A SAUDE- SISTEMA DE PROMOÇÃO ASSISTENCIAL;SP;1768232035.70;13098015.08;27765700.07
UNIMED DE DOURADOS COOPERATIVA DE TRABALHO MÉDICO LTDA;MS;1740190359.95;6693039.85;16825297.43
LIV LINHAS INTELIGENTES DE ATENÇÃO À VIDA S/A;SP;1731487725.36;6509352.35;20516812.69
GAMA SAUDE LTDA.;SP;1710187977.69;48862513.65;122443859.05
UNIMED DE ARACATUBA - COOPERATIVA DE TRABALHO MÉDICO;SP;1700939114.05;5707849.38;15859835.21
UNIMED NOROESTE/RS - SOCIEDADE COOPERATIVA DE ASSISTÊNCIA À SAÚDE LTDA.;RS;1697023888.62;6239058.41;18134502.01
SERMED-SAÚDE LTDA.;SP;1694658067.62;7773660.86;24338085.68
ASSOCIAÇÃO DE ASSISTÊNCIA À SAÚDE DOS EMPREGADOS DA COPASA;MG;1682045851.69;7787249.31;20919405.58
UNIMED RIO BRANCO COOPERATIVA DE TRABALHO MEDICO LTDA;AC;1665025032.35;6330893.66;18029768.28
UNIÃO MÉDICA PLANOS DE SAÚDE S/A;BA;1655719856.14;11418757.63;23381335.75
IRMANDADE DA SANTA CASA DE MISERICÓRDIA DE PIRACICABA;SP;1650081489.60;19186994.07;39884217.17
FUNDAÇÃO SANEPAR DE ASSISTÊNCIA SOCIAL;PR;1628524481.91;11468482.27;29728722.16
UNIMED NOROESTE CAPIXABA COOPERATIVA DE TRABALHO MÉDICO.;ES;1626736857.26;8938114.60;20142121.77
UNIMED PATO BRANCO SOCIEDADE COOPERATIVA DE MÉDICOS;PR;1607310358.02;5102572.57;16607101.02
SÃO LUCAS SAÚDE S/A;SP;1597909864.25;13894868.38;33144503.43
UNIMED PLANALTO MÉDIO/RS - COOPERATIVA DE ASSISTÊNCIA À SAÚDE LTDA.;RS;1596856798.98;9393275.29;18065655.47
LIFE EMPRESARIAL SAÚDE LTDA.;SP;1589509429.54;10189163.01;27615046.05
UNIMED MONTES CLAROS COOPERATIVA DE  TRABALHO MÉDICO LTDA.;MG;1586968268.13;7521176.63;14309627.15
CAIXA DE ASSISTÊNCIA OSWALDO CRUZ;RJ;1527722240.64;12420506.02;28430861.07
SAUDE PAS - MEDICINA E ODONTO;RS;1524170709.14;16388932.36;34712741.96
UNIMED REGIONAL JAU - COOPERATIVA DE TRABALHO MÉDICO;SP;1509242135.73;4852868.60;15726519.90
ECONOMUS INSTITUTO DE SEGURIDADE SOCIAL;SP;1508870429.71;11430836.59;23120869.79
UNIMED DE RIO CLARO SP COOPERATIVA DE TRABALHO MEDICO;SP;1496589923.48;3817831.44;14720970.00
SANTA CASA DE MISERICÓRDIA DE JUIZ DE FORA;MG;1485028528.75;8633886.80;19920063.75
UNIMED ANÁPOLIS COOPERATIVA DE TRABALHO MÉDICO.;GO;1469494020.12;4981335.66;13472765.02
FUNDAÇÃO AFFEMG DE ASSISTÊNCIA E SAÚDE - FUNDAFFEMG;MG;1442759712.24;16583444.97;32202008.35
UNIMED DE OURINHOS - COOPERATIVA DE TRABALHO MÉDICO;SP;1405678947.47;7681305.72;19086993.23
UNIMED DO CARIRI - SOCIEDADE COOPERATIVA MÉDICA LTDA;CE;1389096550.90;10444334.97;23436744.51
CABERJ INTEGRAL SAÚDE S.A;RJ;1388196402.45;7627452.76;19048684.76
PLANO DE SAÚDE DA SANTA CASA DE BRAGANÇA PAULISTA;SP;1387113506.03;10274914.86;24738812.87
UNIMED CENTRO OESTE PAULISTA - FEDERAÇÃO INTRAFEDERATIVA DAS COOPERATIVAS MÉDICAS;SP;1355884021.34;15766093.27;26519978.77
UNIMED VARGINHA COOPERATIVA DE TRABALHO MÉDICO;MG;1354818442.62;5210840.16;13654381.66
UNIMED REGIONAL DE CAMPO MOURÃO COOP TRAB MEDICO ;PR;1347890895.11;7285896.73;17354429.30
UNIMED TEOFILO OTONI COOPERATIVA DE TRABALHO MÉDICO;MG;1347562309.56;9167090.54;17871632.76
MÚTUA DOS MAGISTRADOS DO ESTADO DO RIO DE JANEIRO;RJ;1346042629.70;21365756.03;29329710.15
UNIMED PALMAS COOPERATIVA DE TRABALHO MÉDICO;TO;1342355600.35;5640149.58;13028697.38
MED-TOUR ADMINISTRADORA DE BENEFÍCIOS E EMPREENDIMENTOS LTDA.;SP;1339050923.49;11444879.69;25017241.40
UNIHOSP SAÚDE LTDA;SP;1322332104.48;15742048.86;30154619.91
OPERADORA UNIESTE DE PLANOS DE SAÚDE LTDA;RJ;1309120058.64;10389841.74;22044016.26
UNIMED ARARUAMA COOPERATIVA DE TRABALHO MÉDICO LTDA;RJ;1308041690.08;4722172.17;12983865.74
UNIMED ENCOSTA DA SERRA/RS SOCIEDADE COOPERATIVA DE SERVIÇOS DE SAÚDE LTDA.;RS;1291872378.61;6459361.89;15579452.01
POLICLIN SAÚDE S/A.;SP;1259250218.08;9059354.09;25827371.62
UNIMED METROPOLITANA DO AGRESTE - COOPERATIVA DE TRABALHO MÉDICO;AL;1237975451.39;5652855.94;14483064.53
UNIMED COSTA DO DESCOBRIMENTO COOPERATIVA DE TRABALHO MÉDICO;BA;1236723080.20;6183615.40;15877853.36
UNIMED CONSELHEIRO LAFAIETE COOPERATIVA DE TRABALHO MÉDICO LTDA;MG;1197565267.74;3900864.06;11231918.71
CAIXA DE ASSISTENCIA A SAUDE DA UNIVERSIDADE;MG;1188401396.85;9003040.89;22207944.93
UNIMED NORTE CAPIXABA- COOPERATIVA DE TRABALHO MÉDICO;ES;1182185493.88;4546867.28;13157137.12
UNIMED GUARAPUAVA COOPERATIVA DE TRABALHO MÉDICO;PR;1158133648.28;5013565.58;11661816.17
UNIMED DE CATANDUVA - COOPERATIVA DE TRABALHO MÉDICO;SP;1152280419.61;4903320.93;12283132.68
ASSOCIAÇÃO ADVENTISTA NORTE BRASILEIRA DE PREVENÇÃO E ASSISTÊNCIA A SAÚDE;PA;1150878376.76;14568080.72;26372548.04
BENEFICENCIA CAMILIANA DO SUL;SP;1150192564.79;14559399.55;29485923.89
SIM - CAIXA DE ASSISTÊNCIA À SAÚDE;SC;1141946444.70;8651109.43;20096179.50
HBC SAÚDE LTDA.;SP;1135797963.44;11472706.70;23727197.64
UNIMED VALE DO CAÍ/RS - COOPERATIVA DE ASSISTÊNCIA À SAÚDE LTDA.;RS;1122899361.19;5424634.60;13599950.01
ASSOCIAÇÃO DA SANTA CASA SAÚDE DE RIBEIRÃO PRETO;SP;1114895744.26;8137925.14;16536103.27
IRMANDADE SANTA CASA DE MISERICÓRDIA DE MARINGÁ;PR;1102566147.69;6805963.87;16470487.69
UNIMED DE ASSIS COOPERATIVA DE TRABALHO MÉDICO;SP;1101195119.04;3316852.77;10174322.96
UNIMED BARRA DO GARÇAS - COOPERATIVA DE TRABALHO MÉDICO;MT;1099374859.69;3764982.40;10744935.70
SAÚDE BRB - CAIXA DE ASSISTÊNCIA ;DF;1082419711.84;6481555.16;15613984.19
SELECT OPERADORA DE PLANO DE SAUDE LTDA;GO;1060206657.48;10929965.54;23575934.84
UNIMED LITORAL SUL/RS - COOPERATIVA DE ASSISTÊNCIA À SAÚDE LTDA.;RS;1046735287.70;3420703.55;9864352.22
UNIMED EXTREMO SUL COOPERATIVA DE TRABALHO MÉDICO;BA;1046069341.74;4820596.04;11658543.41
ASSOCIAÇÃO SÃO FRANCISCO VIDA;SP;1044688321.43;8705736.01;20768919.51
UNIMED POÇOS DE CALDAS - SOC. COOP. DE TRAB. E SERVIÇOS MÉDICOS;MG;1042750822.84;4965480.11;13931265.66
FUNDAÇAO COMPESA DE PREVIDENCIA E ASSISTENCIA - COMPESAPREV;PE;1041264814.76;8899699.27;21646995.61
UNIMED NORDESTE PAULISTA - FED. INTRAFEDERATIVA DAS COOP. MÉDICAS;SP;1035688914.85;6056660.32;13024084.39
UNIMED DE BARRA MANSA SOC. COOP. SERV.MED.E HOSPIT.;RJ;1032787441.36;6885249.61;15376984.24
CENTRAL REGIONAL DAS COOPERATIVAS MÉDICAS - UNIMED CERRADO;GO;1030451245.32;6691241.85;14247708.26
UNIMED CURVELO COOPERATIVA DE TRABALHO MÉDICO LTDA.;MG;1025623826.24;3770675.83;10664579.78
UNIMED INCONFIDENTES COOPERATIVA DE TRABALHO MÉDICO LTDA.;MG;1025560899.92;4537880.09;12112588.11
UNIMED RESENDE COOPERATIVA DE TRABALHO MÉDICO;RJ;1002816022.00;5362652.52;12889134.66
LUMINAR SAÚDE - ASSOCIAÇÃO DE ASSISTÊNCIA À SAÚDE;DF;996201360.60;5355921.29;13581695.83
UNIMED DE PARANAGUÁ COOPERATIVA DE TRABALHO MÉDICO;PR;992781139.27;5577422.13;12241518.13
UNIMED NORTE FLUMINENSE COOPERATIVA DE TRABALHO MEDICO;RJ;991345678.63;5697388.96;11854517.17
UNIMED DE SÃO ROQUE - COOPERATIVA DE TRABALHO MÉDICO;SP;978628891.15;4448313.14;11658122.96
ASSOCIAÇÃO BENEFICENTE DE ASSISTÊNCIA A SAÚDE DOS JUÍZES DO TRABALHO DA 15ª REGIÃO (ABAS 15);SP;974606342.25;10950633.06;20756806.48
CENTRO HOSPITALAR ATIBAIA LTDA.;SP;969107110.20;13096042.03;26081135.79
UNIMED DE BRUSQUE COOPERATIVA DE TRABALHO MÉDICO;SC;955539974.16;3932263.27;9192612.89
UNIMED MISSÕES/RS - COOPERATIVA DE ASSISTÊNCIA À SAÚDE LTDA.;RS;942620535.71;4809288.45;11395415.14
UNIMED DE PARANAVAÍ COOPERATIVA DE TRABALHO MÉDICO;PR;942521161.27;4934665.77;10838238.21
ASSOCIAÇÃO PADRE ALBINO SAÚDE;SP;937266286.53;10078132.11;19810991.74
IRMANDADE DA SANTA CASA DE MISERICÓRDIA DE RIO CLARO;SP;933548711.30;5459349.19;14360790.80
AMESC - ASSOCIAÇÃO MÉDICA ESPÍRITA CRISTÃ;RJ;923118491.01;7155957.29;17494322.07
CAIXA ASSISTENCIAL E BENEFICENTE DOS FUNCIONÁRIOS DA ACARESC;SC;910913393.64;6900859.04;15801308.37
AMEPLAN ASSISTÊNCIA MÉDICA PLANEJADA LTDA;SP;907137349.04;9163003.53;13498783.77
ASSOCIAÇÃO DOS SERVIDORES FISCAIS DO ESTADO DA BAHIA;BA;879410005.69;10108160.98;20680543.83
UNIMED REGIONAL SUL GOIAS COOP. DE TRABALHO MÉDICO LTDA;GO;877344167.02;5042207.86;10826121.61
UNIMED OESTE DO PARANA - COOPERATIVA DE TRABALHO MEDICO;PR;874630116.21;2877072.75;8559243.30
ELOSAÚDE - ASSOCIAÇÃO DE ASSISTÊNCIA À SAÚDE;SC;867470039.37;5354753.33;12856755.71
ASSOCIAÇÃO BENEFICENTE DOS PROFESSORES PÚBLICOS ATIVOS E INATIVOS DO RIO DE JANEIRO - APPAI;RJ;865800564.69;13320008.69;22780884.10
UNIMED VALE DO AÇO COOPERATIVA DE TRABALHO MÉDICO;MG;865504359.45;5620158.18;12821607.70
UNIMED APUCARANA COOPERATIVA DE TRABALHO MÉDICO;PR;861714210.01;4952380.52;11307189.09
ASSOCIAÇAO DOS FUNCIONARIOS PUBLICOS DO ESTADO DO RIO GRANDE DO SUL;RS;857585253.06;6546452.31;14667288.19
FUNDAÇÃO DE SEGURIDADE SOCIAL DA ARCELORMITTAL BRASIL - FUNSSEST;ES;850224473.64;10900313.76;20477075.12
UNIMED DE JABOTICABAL COOP. DE TRABALHO MÉDICO;SP;839569992.65;3781846.81;10182924.91
ASSOCIAÇÃO SANTA CASA SAÚDE DE ARAÇATUBA;SP;837906447.87;4928861.46;10894953.13
SAÚDE SANTA TEREZA LTDA.;SP;836136192.42;7532758.49;17227855.64
UNIMED JOÃO MONLEVADE COOPERATIVA DE TRABALHO MÉDICO LTDA.;MG;825794225.13;3970164.54;9758312.61
AGROS - INSTITUTO UFV DE SEGURIDADE SOCIAL;MG;818187198.93;6293747.68;15220195.66
SANTA CASA DE MAUÁ SAÚDE;SP;812942054.29;12133463.50;21072754.76
UNIMED PARÁ DE MINAS COOPERATIVA DE TRABALHO MÉDICO LTDA.;MG;808906896.99;3288239.42;8738044.44
UNIMED SÃO JOÃO DEL REI - COOPERATIVA DE TRABALHO MÉDICO;MG;808591436.41;3327536.78;8890819.55
CAIXA DE ASSISTÊNCIA DOS EMPREGADOS DA SANEAGO;GO;807202585.13;9965464.01;19921572.48
UNIMED DE CATALÃO COOPERATIVA DE TRABALHO MÉDICO;GO;805770887.10;3949857.29;9532035.03
UNIMED CENTRO SUL FLUMINENSE COOPERATIVA DE TRABALHO MÉDICO;RJ;801954927.85;3800734.26;9156706.11
CAIXA DE ASSISTÊNCIA À SAÚDE DOS SERVIDORES PÚBLICOS DO ESTADO DO MATO GROSSO DO SUL;MS;799558354.86;6833832.09;13578539.74
UNIMED ARAXÁ COOPERATIVA DE TRABALHO MÉDICO LTDA.;MG;799289460.06;3372529.37;7867656.31
UNIMED OESTE DO PARÁ - COOPERATIVA DE TRABALHO MÉDICO;PA;791616576.54;14136010.30;19433178.11
UNIMED ITABIRA COOPERATIVA DE TRABALHO MÉDICO;MG;790889362.78;6276899.70;10993228.35
CAIXA DE ASSISTÊNCIA DOS SERVIDORES FAZENDÁRIOS ESTADUAIS;CE;790157914.03;13623412.31;23942305.99
UNIMED DE CAÇAPAVA - COOPERATIVA DE TRABALHO MEDICO;SP;784959036.58;2660878.09;7342054.60
UNIMED OS BANDEIRANTES COOPERATIVA DE TRABALHO MÉDICO;SP;779741640.37;3182618.94;8451686.50
OPERADORA UNICENTRAL DE PLANOS DE SAÚDE LTDA.;SP;779381428.38;6235051.43;14134502.62
ASSISTÊNCIA MÉDICA SÃO MIGUEL LTDA;SP;770199275.79;10697212.16;19039413.12
SAMI ASSISTÊNCIA MÉDICA LTDA;SP;769034958.55;9047470.10;17182062.75
METLIFE PLANOS ODONTOLÓGICOS LTDA.;SP;765376764.28;11092416.87;19295306.40
GOCARE PLANOS DE SAUDE LTDA;SP;762123102.50;5184510.90;10030783.55
UNIMED ERECHIM - COOPERATIVA DE SERVIÇOS DE SAÚDE LTDA.;RS;761764145.67;3160847.08;8350539.33
UNIMED DE TATUI - COOPERATIVA DE TRABALHO MÉDICO;SP;758849111.46;3313751.58;9335762.18
UNIMED FRONTEIRA NOROESTE/RS - COOPERATIVA DE ASSISTÊNCIA À SAÚDE LTDA.;RS;756045082.46;2690551.89;7910310.45
FUNDAÇÃO DE SAÚDE ITAIGUAPY;PR;751598554.62;6423919.27;16122483.88
OESTE SAÚDE ASSISTÊNCIA A SAÚDE SUPLEMENTAR S.A;SP;750961154.99;7018328.55;14114977.87
UNIMED ALTO VALE - COOPERATIVA DE TRABALHO MÉDICO;SC;749180631.78;2243055.78;6682962.95
UNIMED ITAJUBA COOPERATIVA DE TRABALHO MEDICO;MG;748373591.58;3686569.42;11404063.92
UNIMED BARBACENA - COOPERATIVA DE TRABALHO MÉDICO LTDA;MG;746152184.51;4011570.88;9547875.95
NOVA SAÚDE OPERADORA INTEGRADA DE SAÚDE LTDA;RJ;745740578.28;13810010.71;19917027.73
UNIMED DE LENÇOIS PAULISTA - COOPERATIVA DE TRABALHO MÉDICO;SP;741670434.16;3653548.94;8624873.04
TEMPO MED PLANO DE SAUDE LTDA;SC;740592364.54;4904585.20;9532973.30
UNIMED NOROESTE DO PARANÁ COOP DE TRABALHO MÉDICO .;PR;734831721.84;3087528.24;7815105.08
CAIXA DE ASSISTÊNCIA DOS EMPREGADOS DO SISTEMA FINANCEIRO BANESTES;ES;734075380.35;7126945.44;12504946.13
GARANTIA DE SAÚDE LTDA;SP;731065490.55;8307562.39;16865543.55
UNIMED SAÚDE E ODONTO S.A;SP;727747965.33;9330102.12;17700813.66
UNIMED ARAGUARI COOPERATIVA DE TRABALHO MÉDICO ;MG;721980454.09;3454451.93;8927961.33
UNIMED CABO FRIO COOPERATIVA TRABALHO MÉDICO LTDA.;RJ;716370826.55;4264112.06;9355196.64
UNIMED DE LINS - COOPERATIVA DE TRABALHOS MÉDICOS;SP;708588028.48;2845735.05;7471992.15
ESMALE ASSISTENCIA INTERNACIONAL DE SAUDE LTDA.;AL;703204484.39;9015442.11;14753607.42
VIVACOM PLANOS DE SAÚDE;GO;700409625.81;4350370.35;10237982.23
UNIMED MEIO OESTE CATARINENSE COOPERATIVA DE TRABALHO MÉDICO;SC;695414923.18;2381557.96;5875576.29
PARANA ASSISTENCIA MEDICA LTDA;PR;682738333.91;3574546.25;8860585.84
SISTEMAS E PLANOS DE SAÚDE LTDA.;SP;681594659.34;8018760.70;12833936.98
ASSOCIAÇÃO DE ASSISTÊNCIA À SAÚDE DA AMAGIS;MG;678784850.06;6115178.83;12065194.27
UNIMED EXTREMO OESTE CATARINENSE COOPERATIVA DE TRABALHO MÉDICO;SC;678498353.26;2458327.37;6675662.93
SULMED - ASSISTÊNCIA MÉDICA LTDA;RS;663491092.51;4365072.98;11711412.71
IRMANDADE DA SANTA CASA DE MISERICORDIA DE LIMEIRA;SP;658019491.03;5181255.83;11557696.94
UNIODONTO DE CAMPINAS COOPERATIVA ODONTOLÓGICA;SP;656803497.78;8420557.66;14664274.29
UNIMED MURIAÉ COOPERATIVA DE TRABALHO MEDICO LTDA;MG;652293598.95;5017643.07;11047771.62
UNIMED NORTE PIONEIRO - COOPERATIVA DE TRABALHO MÉDICO;PR;651746460.61;3179251.03;7772575.32
UNIMED CENTRO PAULISTA - FEDERAÇÃO INTRAFEDERATIVA DAS COOPERATIVAS MÉDICAS;SP;639759250.98;9139417.87;15533558.03
UNIMED DE GUARATINGUETA-COOPERATIVA DE TRABALHO MÉDICO;SP;634867671.51;4176761.00;9188888.24
FUNDACAO LEONOR DE BARROS CAMARGO;SP;633109725.27;6807631.45;13593013.25
UNIMED VALE DAS ANTAS, RS - COOPERATIVA DE ASSISTÊNCIA À SAÚDE LTDA.;RS;624845813.76;2801999.16;6639611.32
ASSOCIAÇÃO POLICIAL DE ASSISTÊNCIA À SAÚDE;SP;622244073.39;2067256.06;5395839.71
UNIMED LAVRAS COOPERATIVA DE TRABALHO MÉDICO;MG;620410537.24;2117442.11;6688924.00
CAIXA ASSISTENCIAL UNIVERSITÁRIA DO RIO GRANDE DO NORTE;RN;615583099.84;6218011.11;11572919.70
UNIMED TRÊS RIOS COOPERATIVA DE TRABALHO MÉDICO;RJ;614765540.30;3396494.70;7783047.67
UNIMED ALTA MOGIANA COOPERATIVA DE TRABALHO MÉDICO;SP;606731534.38;3003621.46;7255246.86
PLAMED PLANO DE ASSISTENCIA MEDICA LTDA;SE;606514174.42;8086855.66;15728431.08
BEST SENIOR OPERADORA DE SAÚDE LTDA;ES;603928676.29;5644193.24;11728973.92
MATÃO CLINICAS & AMHMA SAÚDE LTDA;SP;599467678.78;4473639.39;10049355.93
HOSPITAIS E CLÍNICAS DO PIAUÍ S/S LTDA;PI;594128963.79;5824793.76;11651228.13
UNIMED SUL PAULISTA - COOPERATIVA DE TRABALHO MÉDICO;SP;589365247.53;2642893.49;7166774.64
CAIXA DE ASSISTÊNCIA À SAUDE DOS EMPREGADOS DA CODEVASF - CASEC;DF;587367545.83;6248590.91;13189495.90
ASSOCIAÇÃO DE SAÚDE DO VALE;SC;586454831.10;6108904.49;11564402.71
ASSOCIAÇÃO DE SAÚDE DOS FORNECEDORES DE CANA DE PIRACICABA E REGIÃO;SP;580057391.09;5743142.49;13501086.80
UNIMED DE SOBRAL SOCIEDADE COOPERATIVA MÉDICA LTDA;CE;579310944.45;4079654.54;8530080.09
UNIMED DE IBITINGA COOPERATIVA DE TRABALHO MÉDICO;SP;577247557.43;3772859.85;8845111.88
ASSOCIAÇÃO DE ASSISTÊNCIA MÉDICO HOSPITALAR DOS MAGISTRADOS DO ESTADO DO PARANÁ;PR;574006883.12;6597780.27;10428978.99
PRONTOMED PLANOS DE SAÚDE LTDA;MG;573620026.81;3798808.12;8420529.64
SUL AMÉRICA ODONTOLÓGICO S/A;SP;559561331.93;4512591.39;9703162.97
ASSOCIAÇÃO DO PLANO DE SAÚDE DA SANTA CASA DE MISERICÓRDIA DE ITABUNA - PLANSUL;BA;554771750.20;3511213.61;7970118.66
AMHE MED ASSISTENCIA A SAUDE LTDA - EPP;SP;554441764.62;7108227.75;14557651.19
UNIMED COSTA VERDE RJ;RJ;552167393.40;3408440.70;7724052.34
UNIMED CAÇADOR COOPERATIVA DE TRABALHO MÉDICO DA REGIÃO DO CONTESTADO;SC;551410804.44;3063393.36;8201164.47
UNIMED ITAÚNA COOPERATIVA DE TRABALHO MÉDICO LTDA.;MG;548185713.26;1986180.12;5601977.73
ASSOCIAÇÃO MINEIRA DE ASSISTÊNCIA À SAÚDE DOS MEMBROS DO MINISTÉRIO PÚBLICO;MG;547491024.15;18249700.81;17862739.15
SÃO FRANCISCO ASSISTÊNCIA MÉDICA LTDA;PE;545421011.81;6197966.04;11226950.40
UNIMED ITUIUTABA COOPERATIVA TRABALHO MÉDICO LTDA.;MG;545081124.58;2339403.97;6347837.19
UNIMED NOROESTE FLUMINENSE - COOPERATIVA DE TRABALHO MÉDICO LTDA;RJ;536856317.35;4970891.83;9184254.91
SANTA CASA DE MISERICORDIA DE SAO JOAQUIM DA BARRA;SP;536767627.77;3753619.77;8499994.72
ELETROS SAÚDE - ASSOCIAÇÃO DE ASSISTÊNCIA À SAÚDE;RJ;535190236.94;3387279.98;8674398.16
PLADISA PLANOS DE SAÚDE SA;SC;532657749.81;3916601.10;9511682.39
UNIMED GUAXUPÉ COOPERATIVA DE TRABALHO MEDICO;MG;527904132.54;2062125.52;5317891.03
UNIMED ALTO DA SERRA - SOCIEDADE COOPERATIVA DE SERVIÇO MÉDICO LTDA.;RS;527764215.71;2477766.27;5701761.18
FEDERAÇÃO DAS SOCIEDADES COOPERATIVAS DE TRABALHO MÉDICO DO ACRE, AMAPÁ, AMAZONAS, PARÁ, RONDONIA E RORAIMA;AM;526492242.59;11201962.61;23997723.52
COOPERATIVA DE TRABALHO MEDICO REGIÃO DO PLANALTO SERRANO;SC;526210073.83;1486469.14;4142487.74
UNIMED SÃO LOURENÇO COOPERATIVA DE TRABALHO MÉDICO;MG;525177915.92;2152368.51;5938687.81
FUNDAÇÃO LIBERTAS DE SEGURIDADE SOCIAL;MG;523069589.23;3932854.05;10005833.60
VITA ASSISTÊNCIA A SAÚDE LTDA.;MG;522647528.08;3393815.12;7451144.37
UNIMED DE PINDAMONHANGABA - COOPERATIVA TRABALHO MEDICO;SP;521356833.37;1829322.22;5505995.42
AMHA SAUDE S/A;SP;520859853.43;4735089.58;11781504.12
COOPERATIVA DE TRABALHO MÉDICO DO PLANALTO NORTE DE SANTA CATARINA LTDA;SC;518746259.37;1826571.34;5240040.94
ÚNICA ASSISTENCIA MEDICA LTDA ;SP;516193588.76;8193549.03;13042226.53
UNIMED NORTE PAULISTA - COOPERATIVA DE TRABALHO MÉDICO;SP;515371962.78;2129636.21;6227152.11
ASSOCIAÇÃO MAIS SAÚDE SANTA CASA DE SÃO JOÃO DA BOA VISTA;SP;512719677.79;5178986.64;11516791.11
SAMOC S.A. - SOCIEDADE ASSISTENCIAL MÉDICA E ODONTO CIRÚRGICA;RJ;510200117.84;4768225.40;9219441.44
INSTITUIÇÃO BENEFICENTE CEL MASSOT - IBCM;RS;505646950.61;4861989.91;10111823.43
CAIXA DE ASSISTÊNCIA À SAÚDE DO SINDICATO DOS FUNCIONÁRIOS INTEGRANTES DO GRUPO OCUPACIONAL ADMINISTRAÇÃO TRIBUTÁRIA DO ESTADO DE PERNAMBUCO;PE;504568930.22;5799642.88;12629527.22
COOPERATIVA DE TRABALHO MEDICO DE ARAGUAÍNA - UNIMED ARAGUAÍNA;TO;502199429.28;1224876.66;3896028.29
SÃO DOMINGOS SAÚDE- ASSISTÊNCIA MÉDICA  LTDA;SP;499149860.21;3961506.83;9203649.28
UNIMED DE BIRIGUI - COOPERATIVA DE TRABALHO MÉDICO;SP;496782053.00;1896114.71;5258037.30
SAÚDE BRASIL ASSISTÊNCIA MÉDICA LTDA.;SP;490148542.80;5766453.44;7611318.21
AMAZÔNIA PLANOS DE SAÚDE LTDA;PA;485743106.15;5167479.85;10885917.08
UNIMED DE TAUBATÉ COOPERATIVA DE TRABALHO MÉDICO;SP;481278829.04;2270183.16;5354085.76
UNIMED MARQUES DE VALENÇA COOPERATIVA DE TRABALHO MÉDICO LTDA.;RJ;480730390.74;3338405.49;6955969.10
UNIMED PATROCÍNIO COOPERATIVA DE TRABALHO MÉDICO LTDA.;MG;480624727.23;3080927.74;6433655.21
UNIMED DE AVARÉ COOPERATIVA DE TRABALHO MÉDICO;SP;478334271.41;2224810.56;5288350.61
PLANO DE SAUDE ASES LTDA.;RJ;478065553.22;3464243.14;8806371.59
UNIMED REGIONAL DE TRES LAGOAS COOPERATIVA DE TRABALHO MÉDICO;MS;476869025.63;2128879.58;6348597.39
ASSOCIAÇÃO SAÚDE SÃO JOSÉ;SC;473086128.93;3052168.57;7300908.07
UNIMED DE LORENA COOPERATIVA DE TRABALHO MÉDICO;SP;471841271.57;2407353.43;5920906.90
ASSOCIAÇÃO POLICIAL DE ASSISTÊNCIA À SAÚDE DE BAURU;SP;469548745.34;5103790.71;10327656.14
UNIMED VALE DO JAURU COOPERATIVA DE TRABALHO MÉDICO;MT;465571264.16;2327856.32;5931028.91
ASSOCIAÇÃO SÃO LUIZ SAÚDE;SP;463838916.44;5041727.35;11382353.42
UNIMED DE BARRETOS COOPERATIVA DE TRABALHO MÉDICO;SP;460575350.87;3437129.48;7637871.19
UNIMED ALTO SÃO FRANCISCO COOPERATIVA DE TRABALHO MÉDICO;MG;460273458.21;1770282.53;4694102.96
CAIXA DE ASSISTÊNCIA DOS FUNCIONÁRIOS DO BANCO DA AMAZÔNIA - CASF;PA;460171292.26;3334574.58;7725539.65
IRMANDADE DE MISERICÓRDIA DO HOSPITAL DA SANTA CASA DE MONTE ALTO;SP;458057872.38;4126647.50;8565200.24
UNIMED NORTE DO PARANÁ COOPERATIVA REGIONAL DE TRABALHO MÉDICO;PR;452440855.19;1831744.35;3936505.11
DENTAL UNI - COOPERATIVA ODONTOLÓGICA;PR;446469200.65;7086812.71;11080041.65
ANAFE SAUDE;GO;444723721.70;4447237.22;9445664.27
UNIMED-RIO COOPERATIVA DE TRABALHO MEDICO DO RIO DE JANEIRO;RJ;438286071.60;27392879.47;30313648.10
UNIMED DE ANDRADINA - COOPERATIVA DE TRABALHO MÉDICO;SP;437884823.21;1990385.56;4565598.99
UNITY SERVIÇOS INTEGRADOS DE SAÚDE LTDA.;DF;435506272.01;4733763.83;8954047.33
CAIXA DE ASSISTÊNCIA AOS MEMBROS DA DEFENSORIA PÚBLICA DO ESTADO DO RIO DE JANEIRO;RJ;433694408.10;4517650.08;7451439.86
LEADER ASSISTÊNCIA MÉDICA E HOSPITALAR LTDA.;SP;430285323.94;6519474.61;12417571.28
CAIXA DE ASSISTÊNCIA SISTEMA SAÚDE INTEGRAL-SSI SAUDE;RS;424865496.03;4828017.00;10411411.53
UNIMED DE CAPIVARI -COOPERATIVA DE TRABALHO MÉDICO;SP;422177469.47;1563620.26;4818306.90
IRMANDADE DA SANTA CASA DE MISERICÓRDIA DE PASSOS;MG;420399741.01;2859862.18;7217387.53
ASSOCIAÇÃO FUNDO DE PROTEÇÃO À SAÚDE;PR;418966791.87;3675147.30;7028139.53
UNIMED VERTENTE DO CAPARAÓ - COOPERATIVA DE TRABALHO MÉDICO LTDA;MG;414042335.38;2365956.20;4643282.50
IRMANDADE DE MISERICORDIA DE PORTO FERREIRA;SP;407101463.02;5025943.99;10118334.08
GS PLANO GLOBAL DE SAÚDE LTDA;RJ;402895340.75;3329713.56;8085321.09
UNIMED SÃO SEBASTIÃO DO PARAÍSO COOPERATIVA DE TRABALHO MÉDICO;MG;401524076.11;2027899.37;3520385.09
UNIMED CATAGUASES COOPERATIVA DE TRABALHO MÉDICO LTDA;MG;392816605.92;1418110.49;3916550.39
UNIMED DE TUPA COOPERATIVA DE TRABALHO MÉDICO;SP;385013043.72;1718808.23;4842495.19
SANTA CASA DE MISERICÓRDIA DE VOTUPORANGA;SP;382657181.56;3510616.34;6705416.20
MAIS SAÚDE PLANO DE SAÚDE LTDA;GO;381430636.18;14127060.60;13849386.98
ASSOCIAÇÃO DOS AUDITORES FISCAIS DO ESTADO DA PARAÍBA - AFRAFEP;PB;379945678.39;7449915.26;12165191.95
OPERADORA DE PLANOS PRIVADOS DE SAÚDE - SANTA CASA SAÚDE LTDA;MS;379328420.85;3059100.17;6428884.70
CONFERÊNCIA SÃO JOSÉ DO AVAÍ;RJ;376996691.80;3366041.89;6541318.62
INTERMEDICI PIRACICABA ASSISTENCIA MEDICA LTDA;SP;376146993.00;2807067.11;6629234.90
BIO SAÚDE SERVIÇOS MÉDICOS LTDA;SP;375357599.96;4265427.27;5008797.76
UNIMED VIÇOSA - COOPERATIVA DE TRABALHO MÉDICO;MG;372313716.94;1715731.41;4632586.13
ASSOCIAÇÃO DOS FUNCIONÁRIOS DO FISCO DO ESTADO DE GOIÁS;GO;371196510.72;6512219.49;10113706.26
UNIMED DE MINEIROS COOPERATIVA DE TRABALHO MÉDICO ;GO;369301954.36;1903618.32;4797045.39
UNIMED DE UBA COOPERATIVA DE TRABALHO MEDICO;MG;368991588.40;1618384.16;4368079.68
UNIMED VILHENA - COOPERATIVA DE TRABALHO MEDICO LTDA;RO;361155595.01;2188821.79;4570671.79
CAIXA DE ASSISTÊNCIA DOS MAGISTRADOS DE PERNAMBUCO;PE;360534293.62;3004452.45;6514957.35
UNIMED DE PIRASSUNUNGA COOPERATIVA DE TRABALHO MÉDICO;SP;358386925.56;2541751.25;5600116.22
UNIMED TRÊS CORAÇÕES COOPERATIVA DE TRABALHO MÉDICO LTDA.;MG;357362117.32;1726387.04;4116718.66
UNIMED GURUPI COOPERATIVA DE TRABALHO MÉDICO;TO;355863851.51;1284707.05;3284847.60
UNIMED PONTAL DO TRIÂNGULO - COOPERATIVA DE TRABALHO MÉDICO;MG;355706468.86;1595096.27;4149586.57
UNIMED DE MOCOCA COOPERATIVA DE TRAB. MÉDICO;SP;354654865.79;1626857.18;4863634.48
ASSOCIAÇÃO PARANAENSE DE ASSISTÊNCIA À SAUDE DOS MEMBROS DO MINISTERIO PUBLICO DO PARANÁ;PR;353640282.18;3929336.47;6745941.04
UNIMED CARATINGA - COOPERATIVA DE TRABALHO MÉDICO LTDA;MG;349197172.03;2282334.46;4541152.53
UNIMED NOROESTE DE MINAS COOPERATIVA DE TRABALHO MEDICO LTDA;MG;346137148.36;1705109.11;4046106.85
ALLIANZ SAÚDE S/A;SP;338454098.68;3802855.04;4701315.53
TERRAMAR ADMINISTRADORA DE PLANO DE SAUDE LTDA;BA;335826769.38;4361386.62;6627707.17
FUNDAÇÃO FILANTRÓPICA E BENEFICENTE DE SAÚDE ARNALDO GAVAZZA FILHO;MG;331796611.97;2211977.41;4958008.16
PLANO ODONTOLÓGICO DENTALVIDAS LTDA.;SP;324935586.71;5700624.33;10791628.59
UNIMED FRUTAL COOPERATIVA DE TRABALHO MEDICO LTDA;MG;324552226.05;1023824.06;3009901.99
UNIMED PLANALTO CENTRAL/RS - COOPERATIVA DE ASSISTÊNCIA  À SAÚDE LTDA.;RS;324347516.46;1864066.19;4100878.16
UNIMED ALFENAS COOPERATIVA DE TRABALHO MEDICO;MG;321383857.29;1656617.82;3967442.47
UNIODONTO DE SÃO JOSÉ DOS CAMPOS COOPERATIVA DE TRABALHO ODONTOLÓGICO;SP;319522156.17;5605651.86;7909463.85
PRONTOCLINICA E HOSPITAIS SAO LUCAS S/A;MG;316670121.51;1930915.38;3861288.63
UNIMED VALE DO PIQUIRI-COOPERATIVA DE TRABALHO MÉDICO VALE DO PIQUIRI ;PR;315988528.41;1869754.61;4529988.31
AMEP FREGUESIA OPERADORA DE PLANO DE SAUDE LTDA;RJ;310904659.96;2800942.88;6606276.52
BRASILDENTAL OPERADORA DE PLANOS ODONTOLÓGICOS S.A.;SP;310654901.30;5177581.69;8407065.28
POLI SAUDE OPERADORA DE PLANO DE SAUDE LTDA;PR;309998564.56;2719285.65;5812038.21
AMPARA ASSISTÊNCIA MÉDICA PARAÍSO LTDA;MG;309897884.88;2365632.71;5306765.27
FUNDAÇÃO FIAT SAÚDE E BEM ESTAR;MG;308851967.07;12868831.96;21194957.30
UNIMED REGIÃO DA CAMPANHA/RS - COOPERATIVA DE ASSISTÊNCIA À SAÚDE LTDA.;RS;299759788.09;1332265.72;3617808.03
CAIXA DE ASSISTÊNCIA DOS EMPREGADOS DO BANEB;BA;295680720.79;3145539.58;4775523.65
FUNDAÇÃO DE ASSISTÊNCIA À SAÚDE DA ASSOCIAÇÃO DO MINISTÉRIO PÚBLICO DO RIO GRANDE DO SUL;RS;292409993.20;4430454.44;7243512.25
UNIMED DE SAO JOSÉ DO RIO PARDO-COOP. DE TRAB. MÉDICO;SP;290212496.41;2359451.19;4655718.53
SF SISTEMAS DE SAÚDE LTDA;SP;289935185.72;4327390.83;6974472.15
ASSOCIAÇÃO FCA SAÚDE;MG;287504747.73;6534198.81;16104454.97
UNIMED SUDOESTE DE MINAS COOPERATIVA DE TRABALHO MÉDICO;MG;284889644.21;1591562.26;3657435.56
UNIMED LEOPOLDINA COOPERATIVA DE TRABALHO MÉDICO LTDA;MG;283255595.82;1940106.82;4425597.35
PREVIDENT ASSISTÊNCIA ODONTOLÓGICA S.A;SP;281730409.03;5217229.80;7845739.87
UNIMED DE ADAMANTINA-COOPERATIVA DE TRABALHO MÉDICO;SP;276724705.87;1048199.64;3093786.92
ASSOCIAÇÃO PLANO DE SAÚDE SANTA CASA DE VALINHOS;SP;276097842.96;3001063.51;6193357.07
UNIMED DE DRACENA - COOPERATIVA DE TRABALHO MÉDICO;SP;271598643.92;1065092.72;2907400.50
ASSOCIAÇÃO POLICIAL DE ASSISTÊNCIA À SAÚDE DE RIBEIRÃO PRETO (APAS);SP;270985781.68;2913825.61;5893580.19
SBC SAÚDE LTDA.;SP;269832181.10;2901421.30;5843567.84
PLAMER PLANO MEDICO RESENDE LTDA;RJ;267142212.69;2343352.74;5116180.48
SOCIEDADE BENEFICENTE DEZOITO DE JULHO;MG;262106242.46;3798641.20;6428555.21
ASSOCIACAO DOS PROFESSORES UNIVERSITÁRIOS DA BAHIA;BA;258898107.38;2397204.70;5207382.29
ASSOCIAÇÃO VALEPARAIBANA DE ASSISTÊNCIA MÉDICA POLICIAL;SP;258436643.56;3800538.88;5268700.58
IRMANDADE DA SANTA CASA DE MISERICÓRDIA E MATERNIDADE DONA ZILDA SALVAGNI;SP;253729827.27;3524025.38;6092171.88
UNIMED CALDAS NOVAS - COOPERATIVA DE TRABALHO MEDICO;GO;252446204.90;1842673.03;4037957.41
ATÍVIA SERVIÇOS DE SAÚDE S/A;SP;252357665.89;3077532.51;4135686.81
UNIODONTO BELÉM - COOPERATIVA DE ASSISTÊNCIA À SAÚDE ODONTOLÓGICA;PA;251492759.05;3492954.99;5532346.05
ASSOCIAÇÃO DOS EMPREGADOS DA COMPANHIA ESTADUAL DE HABITAÇÃO E OBRAS PÚBLICAS - ASSEC;SE;247014351.19;3800220.79;6553397.90
CAIXA DE ASSISTÊNCIA DOS EMPREGADOS DO BANESE;SE;246144556.77;3155699.45;5718531.42
UNIMED DE REGISTRO COOPERATIVA DE TRABALHO MÉDICO;SP;242514885.17;3674467.96;6062318.48
UNIMED DE MONTE ALTO - COOPERATIVA DE TRABALHO MÉDICO;SP;240857437.52;1627415.12;3853867.53
FILOSANITAS SAUDE LTDA;SP;240613413.68;2703521.50;4777259.32
UNIMED TRÊS PONTAS - COOPERATIVA DE TRABALHO MÉDICO;MG;239448201.33;1073758.75;2976642.40
UNIX SAÚDE S.A;BA;235970170.51;2016839.06;3523816.13
UNIMED VALE DO CORUMBÁ COOPERATIVA DE TRABALHO MEDICO;GO;235850847.51;1649306.63;3811593.27
UNIMED REGIONAL DE FLORIANO - COOPERATIVA DE TRABALHO MÉDICO;PI;233747731.33;2032588.97;3919170.01
ASSOCIAÇÃO POLICIAL DE ASSISTÊNCIA A SAÚDE DA BAIXADA SANTISTA;SP;232386135.62;2766501.61;5364584.45
ADVANCE PLANOS DE SAÚDE LTDA;SP;232209439.49;3518324.84;6328812.32
ASSOCIAÇÃO DOS AUDITORES FISCAIS DA RECEITA ESTADUAL DO RIO DE JANEIRO;RJ;231204061.85;5137868.04;6306837.74
TRINO - ALIANCA FILANTRÓPICA DE ASSISTÊNCIA E INTEGRAÇÃO PARA O DESENVOLVIMENTO DA SAUDE;ES;230259639.87;3243093.52;6022941.66
UNIMED REGIÃO DA FRONTEIRA - RS COOPERATIVA DE ASSISTÊNCIA À SAÚDE LTDA.;RS;230012713.81;1345103.59;3346940.31
FUNDACAO CAPITAL PREVIDENCIA E SAUDE - CAPITAL PREV;ES;227956271.16;2681838.48;5968030.37
FEDERAÇÃO DAS COOP ODONTOLÓGICAS DO ESTADO DE SANTA CATARINA;SC;224619095.71;2879732.00;5182218.66
PB ASSISTENCIA MEDICA EU LTDA;BA;222984307.28;2563038.01;4222320.81
SV SAUDE ADMINSTRADORES DE PLANO DE SAUDE LTDA;RJ;222520776.46;2342323.96;5128630.42
ASSOCIAÇÃO SANTA CASA CLÍNICAS DE BIRIGUI;SP;221532185.28;2130117.17;4174790.20
ASSOCIAÇÃO POLICIAL DE ASSISTÊNCIA À SAÚDE DE ARAÇATUBA (APAS);SP;220083330.50;2223063.94;4990346.71
UNIMED SUDOESTE PAULISTA COOPERATIVA DE TRABALHO MÉDICO;SP;215591220.44;1290965.39;3163113.46
UNIMED CACERES COOPERATIVA DE TRABALHO MÉDICO ;MT;215567357.22;971024.13;2225542.24
MAIS SAUDE S/A;ES;214382259.62;3457778.38;5683858.07
PESSOAL SAÚDE PLANOS DE ASSISTÊNCIA MÉDICA LTDA;SP;210248520.23;2841196.22;5084501.24
ASSOCIAÇÃO SAÚDE CONCEIÇÃO;SC;208228090.24;2239011.72;4568587.41
UNIMED ALTO JACUÍ/RS - COOPERATIVA DE ASSISTÊNCIA À SAÚDE LTDA;RS;207542677.88;886934.52;1801837.52
ASSOCIAÇÃO DOS SERVIDORES MUNICIPAIS, ESTADUAIS E FEDERAIS DO RIO DE JANEIRO;RJ;204300964.14;2724012.86;4100972.95
EVANGELICO SAUDE LTDA.;PR;202310046.57;1322287.89;3287021.43
SANTA CASA DE MISERICORDIA HOSPITAL SÃO VICENTE;SP;200503208.93;1891539.71;4427577.76
UNIMED NORTE/NORDESTE-FEDERAÇÃO INTERFEDERATIVA DAS SOCIEDADES COOPERATIVAS DE TRABALHO MÉDICO EM RECUPERAÇÃO JUDICIAL;PB;197459862.42;2350712.65;5503163.40
UNIMED REGIÃO DA PRODUÇÃO/RS - COOPERATIVA DE ASSISTÊNCIA À SAÚDE LTDA;RS;192912934.77;884921.72;2058798.67
ASSOCIAÇÃO GOIANA DO MINISTÉRIO PÚBLICO;GO;192810207.96;2410127.60;4484384.50
AME VVIDA PLANOS DE SAUDE INTEGRADO LTDA.;RO;192745775.44;3212429.59;4969794.72
COOPERATIVA DOS USUÁRIOS DE SERVIÇOS DE SAÚDE LTDA.;RS;189931099.08;1938072.44;3934233.03
SOCIEDADE PORTUGUESA DE BENEFICÊNCIA;RS;185520217.56;1394888.85;3101239.40
UNIMED DE JATAÍ COOPERATIVA DE TRABALHO MÉDICO LTDA.;GO;183000303.98;571875.95;1456573.38
UNIODONTO DE FORTALEZA COOPERATIVA DE TRABALHO ODONTOLOGICO LTDA;CE;181608551.06;3243009.84;4940438.18
SANTA CASA DE MISERICÓRDIA E BENEFICÊNCIA PORTUGUESA;SP;177810972.99;2195197.20;4061428.93
SANTA CASA DE SAÚDE - SCS;ES;171453304.95;1714533.05;3340406.18
CAIXA DE ASSISTÊNCIA DO SINDFISCO - CASSIND;SE;169007446.83;2036234.30;4445951.51
DESBAN - FUNDAÇÃO BDMG DE SEGURIDADE SOCIAL;MG;167510918.41;1298534.25;3254438.54
UNIMED DE PENAPOLIS - COOPERATIVA DE TRABALHO MEDICO;SP;167261624.07;663736.60;1731815.64
UNIMED PATOS - COOPERATIVA DE TRABALHO MÉDICO;PB;165410458.66;990481.79;2180516.53
UNIMED DO OESTE DA BAHIA COOPERATIVA DE TRABALHO MÉDICO;BA;164675408.28;1892820.78;2456970.03
UNIODONTO PORTO ALEGRE COOPERATIVA ODONTOLOGICA LTDA;RS;164101645.34;3038919.36;4457092.08
UNIODONTO/RN - COOPERATIVA ODONTOLOGICA DO RIO GRANDE DO NORTE;RN;163905437.34;2875533.99;4161895.27
FUNASA SAÚDE;PB;162154496.92;1706889.44;3065326.53
HOSPITAL DE PRONTOCLINICA LTDA.;RS;161393396.10;1613933.96;3044713.63
UNIODONTO DE SC COOPERATIVA ADMINISTRADORA DE CONTRATOS;SC;160342575.09;1619621.97;3326508.32
UNIODONTO REGIONAL COOPERATIVA ODONTOLOGICA;MG;157597642.90;2101301.91;3871815.74
UNIODONTO PIRACICABA - COOPERATIVA ODONTOLÓGICA;SP;157316395.93;2537361.22;4244077.46
UNIDENTIS ASSISTENCIA ODONTOLOGICA LTDA.;PB;155887750.24;3464172.23;4638564.19
UNIMED SÃO JOÃO NEPOMUCENO COOPERATIVA DE TRABALHO MÉDICO LTDA.;MG;155080924.79;1211569.72;2479064.99
ATITUDE SAÚDE ASSISTÊNCIA MEDICA LTDA;BA;154678182.61;2178565.95;3648722.77
UNIODONTO MACEIÓ COOPERATIVA ODONTOLÓGICA;AL;153477796.02;5684362.82;5684798.01
AURORA SAÚDE LTDA;MG;153173451.81;1891030.27;3154624.69
UNIMED MACHADO COOPERATIVA DE TRABALHO MEDICO;MG;153093603.23;981369.25;2081078.10
UNIMED VALE DO CARANGOLA COOPERATIVA DE TRABALHO MEDICO LTDA;MG;152569697.70;1210870.62;2289467.60
CARE PLUS ODONTOLOGIA ASSISTENCIAL LTDA.;SP;150346747.33;2147810.68;3425469.29
COOPERATIVA DOS USUÁRIOS DE SERVIÇOS DE SAÚDE DO VALE DO RIO DOS SINOS LTDA;RS;148015919.47;2145158.25;3900954.83
VIVENTERIS LTDA;PR;145285204.71;2343309.75;2780685.19
UNIMED DE CORUMBA COOPERATIVA DE TRABALHO MÉDICO;MS;144395607.75;1223691.59;2219226.62
NACIONAL ODONTO OPERADORA DE PLANOS ODONTOLÓGICOS LTDA.;PE;142626161.42;3169470.25;3816938.70
UNIMED PONTE NOVA COOPERATIVA DE TRABALHO MEDICO LTDA;MG;142558001.71;1063865.68;2008581.98
VIDA TOP MAIS SAÚDE OPERADORA DE PLANOS DE SAÚDE LTDA.;SP;142079800.07;1246314.04;2805707.35
UNIODONTO GOIANIA COOPERATIVA DE CIRURGIÕES DENTISTAS;GO;141064196.26;1567379.96;3269295.60
ASSOCIAÇAO UNISAUDE MARAU;RS;139663310.11;1454826.15;2672204.20
ASSOCIAÇÃO DO FISCO DE ALAGOAS;AL;138145223.26;1726815.29;4211705.63
SUL DO PARÁ LTDA;PA;136406824.75;2393102.19;2775946.18
RIO DOCE SAÚDE;ES;135702586.96;1304832.57;2804065.13
ASSOCIACAO POLICIAL DE ASSISTENCIA A SAUDE DE PRESIDENTE PRUDENTE (APAS);SP;133690430.28;1392608.65;3055423.03
ON MED ASSISTÊNCIA MÉDICA LTDA;RS;132779547.79;1383120.29;2793715.01
TOTAL ASSISTÊNCIA MÉDICA HOSPITALAR LTDA;MG;121674120.49;2295738.12;2875600.94
UNIMED MORRINHOS COOPERATIVA DE TRABALHO MEDICO;GO;119119402.09;945392.08;1844562.62
UNIMED REGIONAL DE PICOS - COOPERATIVA DE TRABALHO MÉDICO;PI;116594384.98;2429049.69;3456176.69
ASSOCIAÇÃO POLICIAL DE ASSISTÊNCIA A SAÚDE;SP;116589926.71;1475821.86;2925557.71
ODONTO EMPRESAS CONVENIOS DENTARIOS LTDA.;SP;116541554.14;2285128.51;3086831.84
R.M.I. OPERADORA DE SAÚDE INTEGRADA LTDA;SP;116122486.11;3055854.90;4527602.37
FUNDAÇÃO PLAMHUV - PLANO MÉDICO HOSPITALAR DOS HOSPITAIS UNIDOS DE VIÇOSA;MG;112853407.39;854950.06;2000254.31
UNIODONTO DE JOÃO PESSOA COOPERATIVA ODONTOLÓGICA;PB;111511333.34;2065024.69;3277567.67
CONFIANÇA ASSISTÊNCIA MÉDICO HOSPITALAR LTDA;MG;109317231.54;1175454.10;1852720.09
UNIMED SOUSA - COOPERATIVA DE TRABALHO MÉDICO;PB;106894441.75;1068944.42;1835020.80
HOSPITAL CESAR LEITE;MG;104823058.61;988896.78;1800364.14
SEPACO SAÚDE LTDA;SP;104616463.53;1453006.44;2418825.76
UNIODONTO DO BRASIL CENTRAL NACIONAL DAS COOPERATIVAS ODONTÓLOGICAS;SP;102882014.41;1804947.62;2501861.52
CAIXA DE ASSISTÊNCIA À SAÚDE DOS TRABALHADORES NAS INDÚSTRIAS METALÚRGICAS, MECÂNICAS E DO MATERIAL ELÉTRICO DE BRUSQUE;SC;101016389.86;1346885.20;2525649.82
OPLAN SAÚDE OPERADORA DE PLANO DE SAÚDE LTDA;RJ;100925105.49;870044.01;1709992.79
CAIXA ASSISTENCIAL UNIVERSITARIA DO RIO DE JANEIRO;RJ;100809992.57;933425.86;2059542.49
SOCIEDADE DE ASSISTÊNCIA MÉDICA - SAMEISA;RS;100294399.02;1337258.65;2393050.98
ODONTOGROUP SISTEMA DE SAÚDE LTDA.;DF;99636428.12;2075758.92;3240938.54
ASSOCIACAO DE SAUDE HOLAMBRA;SP;99473224.19;2368410.10;3369275.19
UNIMED INTRAFEDERATIVA FEDERAÇÃO REGIONAL SUL DE MINAS;MG;98596467.65;1202395.95;5264951.60
UNIMED CAMPO BELO- COOPERATIVA DE TRABALHO MÉDICO;MG;98100789.77;469381.77;1024161.24
ASSOCIAÇÃO BENEFICENTE CATÓLICA;MG;98053737.77;797184.86;1448608.59
ASSOCIAÇÃO DOS FUNCIONÁRIOS FISCAIS DO ESTADO DO AMAZONAS - AFFEAM;AM;97677206.55;1502726.25;2717029.35
UNIODONTO PAULISTA-FEDERAÇÃO DAS COOPERATIVAS ODONTOLÓGICAS DO ESTADO DE SÃO PAULO;SP;94660625.45;2014055.86;2298033.85
SISTEMA TOTAL DE SAÚDE LTDA.;SP;92689250.29;1018563.19;1923981.29
ANGELI SISTEMAS DE SAUDE S.A.;PR;92547564.67;1039860.28;1979713.25
UNIODONTO DE MANAUS - COOPERATIVA ODONTOLÓGICA LTDA.;AM;91156786.67;1321112.85;2210775.17
HOSPITAL S.P. LTDA.;RS;89546053.12;1029264.98;1901294.10
ASSOCIAÇÃO POLICIAL DE ASSISTENCIA À SAUDE DE SAO JOAO DA BOA VISTA;SP;88862291.50;1184830.55;2289934.24
AME-ASSISTÊNCIA MÉDICA A EMPRESAS LTDA;MG;87891138.96;853312.03;1618796.40
MEDGOLD ASSISTENCIA MEDICA LTDA - ME;MG;87618550.43;768583.78;1265837.82
MEDIC GLOBAL PLANOS DE SAÚDE LTDA.;MG;85055039.86;859141.82;1476406.70
PORTOMED - PORTO SEGURO SERVIÇOS DE SAUDE LTDA;SP;84390518.34;843905.18;1726523.26
PRONTO SOCORRO CONDE DE MOREIRA LIMA;SP;83678906.84;589288.08;1238392.39
PLANO ASSISTENCIAL SÃO LUCAS LTDA;MG;83127692.90;755706.30;1277738.88
PLAMESC PLANOS DE SAÚDE LTDA;RJ;81406175.65;935703.17;1689358.40
PRIMA VIDA ODONTOLOGIA DE GRUPO LIMITADA;RJ;80776782.11;1282171.14;2000870.91
ORALE ASSISTÊNCIA ODONTOLÓGICA LTDA;BA;79827250.78;1773938.91;1955607.73
ASSOCIACAO POLICIAL DE ASSISTENCIA A SAUDE DE ITAPETININGA;SP;78429179.74;676113.62;1465489.83
UNIODONTO DE AMERICANA COOPERATIVA ODONTOLÓGICA;SP;78340886.51;1305681.44;1826549.58
VOCÊ TOTAL PLANOS DE SAÚDE LIMITADA;SP;76686873.84;1111403.97;1906545.88
SANTA CASA DE MISERICÓRDIA DE TUPÃ;SP;74640525.49;1051275.01;1775149.40
CEAM BRASIL - PLANOS DE SAÚDE LTDA;MG;74420720.76;2126306.31;2222645.38
UNIMED DE BATATAIS - COOPERATIVA DE TRABALHO MÉDICO;SP;72929379.70;602722.15;977888.71
COMSEDER - COOPERATIVA DE ASSISTÊNCIA MÉDICA DOS SERVIDORES DA SUPLAN E DO DER LTDA;PB;72521135.25;1272300.62;1864156.13
ASSOCIACAO CIVIL PRÓ-SAÚDE DOS SERVIDORES DA UNIVERSIDADE ESTADUAL DE PONTA GROSSA;PR;71758200.47;1435164.01;2222975.84
ASSOCIAÇÃO UNIVIDA SANTA RITA DO PASSA QUATRO;SP;71470313.66;667946.86;1446977.27
SERVDONTO - PLANO DE ASSISTÊNCIA ODONTOLÓGICA LTDA;SE;71115048.13;1580334.40;2172437.73
DONA SAÚDE CLINICAS LTDA ;SP;65673368.11;1010359.51;1428715.34
CEDPLAN SAÚDE LTDA EPP;MG;65265171.13;701776.03;1169174.75
UNIODONTO UBERABA - COOPERATIVA DE ASSISTÊNCIA À SAÚDE ODONTOLÓGICA LTDA;MG;65128624.11;1163011.14;1772042.93
S1 OPERADORA DE PLANO DE SAÚDE LTDA;DF;64259128.76;747199.17;1518072.93
NOSAMED ASSISTÊNCIA MÉDICA LTDA.;SP;62558976.73;695099.74;1339616.26
TELOS - FUNDAÇÃO EMBRATEL DE SEGURIDADE SOCIAL;RJ;61467003.38;2561125.14;2422284.37
PLENUM ASSISTENCIA MEDICA  LTDA;DF;61218573.29;2186377.62;2291214.34
UNIMED CAJAZEIRAS - SOCIEDADE COOPERATIVA DE TRABALHO MÉDICO;PB;59796130.91;892479.57;2137830.90
UNIMED VALE DO URUCUIA - COOPERATIVA DE TRABALHO MEDICO LTDA;MG;59518891.26;1214671.25;4041592.12
FUNDO DE ASSISTÊNCIA MÉDICO-HOSPITALAR DO MINISTÉRIO PÚBLICO;MS;59437418.25;928709.66;1440623.71
CAIXA BENEFICENTE DOS FUNCIONÁRIOS DO GRUPO IGUAÇU;PR;57643956.21;711653.78;1348705.49
UNIODONTO DE SOROCABA COOPERATIVA ODONTOLÓGICA;SP;57589743.60;1066476.73;1636623.68
PERSONAL CARE OPERADORA DE SAÚDE SA;SP;56350974.71;1083672.59;1612761.22
ASSOCIAÇÃO POLICIAL DE ASSISTÊNCIA À SAÚDE DE BARRETOS;SP;55843251.31;1163401.07;1686818.62
SEMPRE ODONTO PLANOS ODONTOLOGICOS LTDA;RJ;54522793.52;1009681.36;1388669.61
UNIODONTO VALE HISTORICO COOPERATIVA ODONTOLOGICA;SP;54443073.74;955141.64;1467054.11
CARING SAÚDE ASSISTÊNCIA MÉDICA LTDA.;RJ;54216826.86;1390175.05;1681313.48
UNIODONTO DE ARARAQUARA COOPERATIVA ODONTOLÓGICA;SP;53797413.37;978134.79;1473649.25
UNIODONTO DO SUL GOIANO COOPERATIVA ODONTOLOGICA;GO;51663833.13;1230091.27;1507816.78
UNIODONTO DE JUNDIAÍ COOPERATIVA ODONTOLÓGICA;SP;51269536.85;854492.28;1207219.57
CAMIM OPERADORA DE PLANO DE SAÚDE LTDA;RJ;50595767.97;887645.05;1022255.31
ASSOCIAÇÃO POLICIAL DE ASSISTÊNCIA À SAÚDE DE PRESIDENTE VENCESLAU;SP;49186939.96;702670.57;1235564.64
SAMIG - SERV. DE ASSISTENCIA MEDICA DA ILHA DO GOVERNADOR LTDA;RJ;48890613.37;679036.30;831569.82
ASSOCIAÇÃO POLICIAL DE ASSISTÊNCIA À SAÚDE DE DRACENA;SP;48123042.60;566153.44;937257.65
ASSOCIAÇÃO DOS SERVIDORES PÚBLICOS DA ADMINISTRAÇÃO DIRETA DO GOVERNO DO ESTADO DO PARÁ - ASPARÁ;PA;46840975.74;836446.00;1405046.84
ODONTOART PLANOS ODONTOLÓGICOS LTDA;CE;46577491.44;950561.05;1395432.19
PLANO DE ASSISTÊNCIA MÉDICA MINEIRA LTDA;MG;46378825.07;572578.09;776904.78
ASSOCIAÇÃO POLICIAL DE ASSISTÊNCIA À SAÚDE - VALE DO RIBEIRA;SP;45828447.31;391696.13;816680.32
UNIODONTO ESPIRITO SANTO COOPERATIVA ODONTOLOGICA;ES;45733847.38;802348.20;1228007.42
ASSOCIAÇÃO HOSPITAL SAÚDE DE VARGEM GRANDE DO SUL;SP;45722908.21;635040.39;1117397.69
UNIODONTO MARINGA COOPERATIVA ODONTOLOGICA;PR;45648682.26;951014.21;1333408.15
COOPERATIVA ODONTOLÓGICA POÇOS DE CALDAS;MG;45275802.70;794312.33;1295694.26
PLANO VIDA SAUDE SERVIÇOS ODONTOLOGICOS LTDA;SE;44517903.97;989286.75;1220860.83
DENTALPAR ASSISTÊNCIA ODONTOLÓGICA EMPRESARIAL LTDA.;SP;44268673.72;868013.21;1153585.00
PRESERVE SAUDE ASSISTENCIA MEDICA LTDA;BA;43611238.12;363426.98;864860.96
SD-M OPERADORA DE PLANOS DE SAUDE LTDA;RJ;43049475.90;878560.73;1067717.53
VALE PLANOS DE SAÚDE LTDA;PE;42265403.93;960577.36;1087137.24
ASSOCIAÇÃO SAÚDE RURAL ALEGRETE;RS;41470553.50;476673.03;968446.33
ASSOCIAÇÃO POLICIAL DE ASSISTÊNCIA À SAÚDE DE JAÚ;SP;40471495.22;396779.36;793544.81
CAIXA DE ASSISTÊNCIA DOS EMPREGADOS DO SETOR PÚBLICO DO ESTADO DE GOIÁS - CAEME;GO;40143859.47;514664.87;1004935.75
UNIODONTO DE LONDRINA COOP. ODONTOLÓGICA;PR;39664374.11;610221.14;937158.53
UNIODONTO DE PRESIDENTE PRUDENTE COOPERATIVA ODONTOLOGICA;SP;39239164.50;523188.86;817205.37
ODONT-OPERADORA ODONTOLOGICA LTDA;SP;38435265.73;610083.58;710776.73
DENTAL CENTER LTDA;PB;37880995.88;841799.91;1090421.82
ASSOCIACAO DOS SERVIDORES DA EMDAGRO - ASSEM;SE;37753569.03;572023.77;1005908.92
UNIODONTO JACAREÍ COOPERATIVA ODONTOLÓGICA;SP;37533596.36;536194.23;791472.33
ASSOCIAÇÃO POLICIAL DE ASSISTÊNCIA À SAÚDE APAS;SP;37234346.12;689524.93;949310.55
ASSOCIAÇÃO POLICIAL DE ASSISTENCIA A SAUDE DE BOTUCATU;SP;36787863.88;497133.30;983990.33
COOPERATIVA ODONTOLÓGICA DO ESTADO DO AMAPÁ;AP;36709400.06;764779.17;1161024.82
BENEFICENCIA SOCIAL BOM SAMARITANO;MG;35774091.86;322289.12;562223.92
AESP ODONTO ASSISTÊNCIA ODONTOLÓGICA S/S LTDA EPP;SP;35456247.62;695220.54;1113785.10
RODRIGUES LEIRA ODONTOLOGIA LTDA.;SP;35193576.26;748799.49;1059256.36
SANTA CASA DE MISERICÓRDIA E ASILO DOS POBRES DE BATATAIS;SP;35021097.41;280168.78;531630.60
HSMED SAUDE LTDA;RJ;35014520.90;389050.23;590162.03
UNIVIDA USA OPERADORA EM SAUDE S/A;SP;33914323.73;869598.04;767439.77
MH VIDA - OPERADORA DE PLANOS DE SAÚDE LTDA;RJ;33226785.76;405204.70;771644.92
PD BRASIL ASSISTENCIA ODONTOLOGICA LTDA;MG;32400246.04;720005.47;407648.93
UNIODONTO RS FEDERACAO DAS UNIODONTOS DO RGS LTDA;RS;31902802.39;759590.53;823107.56
ÔNIX OPERADORA DE PLANOS DE SAÚDE LTDA;RJ;31161742.83;404697.96;489829.90
DENTAL MASTER LTDA - EPP;AL;30593012.82;1699611.82;1037515.10
DENTAL PLUS CONVÊNIO ODONTOLÓGICO LTDA.;SP;30416426.17;596400.51;806539.62
YOU ASSISTÊNCIA MÉDICA LTDA.;MG;28506600.32;2036185.74;1597075.93
SALUSMED OPERADORA DE PLANOS DE SAUDE LTDA;SP;28392018.37;630933.74;807469.99
UNIODONTO DE SERTAOZINHO SP COOPERATIVA ODONTOLOGICA;SP;27835654.12;773212.61;872898.60
ODONTOLIVE OPERADORA DE PLANOS ODONTOLÓGICOS LTDA.;SP;27802388.70;579216.43;869306.22
UNIODONTO DE PINDAMONHANGABA COOP ODONTOLOGICA;SP;27690276.51;446617.36;547729.67
DENTAL GOLD ASSISTÊNCIA ODONTOLÓGICA LTDA.;PB;27482134.82;610714.11;852294.87
ASSOC DE ASSIST À SAÚDE DOS SERV DAS UNIV E INST FED, EST E/OU FAC PART EM PE;PE;26664178.19;555503.71;702320.25
PORTO DIAS SAUDE LTDA.;PA;25171016.08;419516.93;649027.23
ASSOCIAÇÃO PADRE PIO PLANOS DE SAÚDE;SP;24146840.49;383283.18;625637.66
COOPERATIVA DE TRABALHO ODONTOLOGICO - UNIODONTO ITAJUBÁ;MG;23587679.87;436808.89;645670.08
PREVENT SENIOR CORPORATE OPERADORA DE SAÚDE LTDA.;SP;22990596.67;478970.76;607569.05
ASSOCIAÇÃO SERVIÇOS ODONTOLÓGICOS DA INDÚSTRIA DE MINAS GERAIS - ODONTOINDUSTRIA;MG;22848692.87;634685.91;690808.73
FUNDO DE ASSISTÊNCIA À SAÚDE DOS FUNCIONÁRIOS DO BEC;CE;21829526.89;234726.10;967092.33
UNIMED VALE DO PARAÍBA - FEDERAÇÃO INTRAFEDERATIVA DAS COOPERATIVAS MÉDICAS;SP;21677572.56;1032265.36;2220793.32
CENTRO DE ENDOCRINOLOGIA DE JUNDIAÍ S/S LTDA;SP;21449271.66;335144.87;562426.09
ASSOCIAÇÃO DOS FISCAIS DE TRIBUTOS ESTADUAIS DO RS - AFISVEC;RS;20621297.75;502958.48;635586.48
ZURICH SANTANDER BRASIL ODONTO LTDA.;SP;18796856.08;447544.19;275116.16
PLANO DE ASSISTÊNCIA ODONTOLÓGICA FAUCHARD LTDA. ME;BA;18557869.99;883708.09;675480.54
ODILE SERVIÇOS DE SAÚDE LTDA.;SP;18224636.32;433919.91;220149.96
HEALTH-MED SISTEMA DE SAUDE LTDA;RJ;17951642.65;284946.71;424849.60
UNIODONTO DE MATO GROSSO COOP TRAB ODONTOLOGICO LTDA;MT;17233714.35;307744.90;429775.11
QUALIDONTO - QUALIDADE EM ODONTOLOGIA LTDA ;BA;17162832.99;817277.76;624547.17
BLUZZ SAÚDE S/A;ES;17056630.59;262409.70;345298.35
SANTA CASA DA MISERICÓRDIA DE SÃO JOÃO DEL REI;MG;16918877.41;225585.03;256392.34
CAIXA SEGURADORA ESPECIALIZADA EM SAÚDE S/A;SP;16868501.75;318273.62;571196.28
MEDHEALTH PLANOS DE SAÚDE LTDA;PR;15306764.35;268539.73;649749.38
ODONTO SEG OPERADORA DE PLANOS ODONTOLOGICOS S.A.;SP;14516694.40;345635.58;473226.97
HOSPITAL DE CARIDADE SÃO VICENTE DE PAULO;PR;12878415.77;429280.53;235011.12
SAME-SERVIÇO DE ASSISTÊNCIA MÉDICA EMPRESARIAL LTDA.;MA;12736608.74;289468.38;335602.23
CROWN ODONTOLOGIA DE GRUPO LTDA;SP;11078566.22;246190.36;283882.31
INNOVA PLANO DE SAUDE LTDA;RO;10848091.87;387431.85;502920.90
SORRIDEN CONVÊNIOS ODONTOLÓGICOS S.A.;SP;10706130.82;237914.02;290853.19
NOVODENTE S/A;RS;10447973.77;614586.69;649477.61
CASA DE SAÚDE NOSSA SENHORA DE FÁTIMA  LTDA.;CE;10114504.41;210718.84;304782.60
SISTEMA PREVSAUDE DENTAL LTDA;CE;9654948.95;321831.63;331985.25
INFINITY SAÚDE SUPLEMENTAR LTDA;MT;9616283.12;162987.85;239492.74
PLAMEDH - PLANO DE ASSISTÊNCIA MÉDICO-HOSPITALAR LTDA;MG;8161426.81;214774.39;189689.48
UNICONSULT - ADMINISTRADORA DE BENEFICIOS E SERVICOS LTDA;SP;8118135.89;4059067.95;316265.57
ALMA ODONTO OPERADORA DE PLANOS ODONTOLOGICOS LTDA;SP;7514897.50;178926.13;135436.00
UNIMED ALTO PARANAIBA COOPERATIVA DE TRABALHO MEDICO;MG;6847350.13;108688.10;145703.10
BRASIL ODONTO OPERADORA DE PLANOS ODONTOLÓGICOS LTDA;TO;6428611.01;306124.33;207847.93
SMART CARE SISTEMAS MÉDICOS E ODONTOLÓGICOS LTDA.;SP;5967184.00;213113.71;250652.85
INTERCLINICAS PLANO VIDA USA OPERADORA DE SAUDE LTDA;SP;5626173.92;133956.52;171819.64
PLANO SIGMA SAÚDE LTDA;SP;5469811.75;248627.81;144166.69
BEMSTAR ASSISTENCIA MEDICA LTDA;BA;5115938.69;74144.04;77096.31
G & M ASSESSORIA MEDICA EMPRESARIAL LTDA;RJ;5093485.89;62882.54;92057.99
EXCELÊNCIA PLANO DE SAÚDE S/A;ES;5016396.33;98360.71;196902.16
POLIMÉDICA SAÚDE SOCIEDADE SIMPLES LTDA;RS;4948919.89;67793.42;105487.94
ODONTO PRIME S/S LTDA;CE;4857944.40;269885.80;154817.53
BIORAL SISTEMA ODONTOLÓGICO LTDA.;SP;4612366.50;170828.39;272466.44
SAUDIA ASSISTENCIA MÉDICA LTDA;MG;3975998.70;64129.01;88274.73
QUALICORP ADMINISTRADORA DE BENEFÍCIOS S.A.;SP;3971524.55;1323841.52;1760359.48
ASSISTÊNCIA MÉDICA 12 DE OUTUBRO LTDA;SP;3529987.05;168094.62;140603.22
UNIMED FEDERAÇAO DO ESTADO DO MATO GROSSO;MT;2774148.10;154119.34;30032.58
LIVRI OPERADORA DE PLANO DE SAÚDE LTDA;SP;2538767.17;60446.84;36850.78
QUALICORP CLUBE DE SAÚDE ADMINISTRADORA DE BENEFÍCIOS LTDA.;SP;1948449.11;649483.04;119562.99
CLÍNICA SÃO GABRIEL S/S LTDA;SP;1389079.65;27781.59;29420.01
EVO SAUDE ASSISTENCIA MEDICA LTDA;DF;861805.86;31918.74;39730.08
SAGRADA SAÚDE ASSISTÊNCIA MÉDICA LTDA;MG;785669.03;19162.66;23773.69
QV BENEFÍCIOS EM SAÚDE LTDA;RJ;609578.70;203192.90;212785.51
PLURAL GESTÃO EM PLANOS DE SAÚDE LTDA;RJ;478569.42;159523.14;120726.00
SOCIODONTO PLANO DE ASSISTÊNCIA ODONTOLÓGICA LTDA;MG;317622.95;26468.58;25388.44
UNIMED PARAIBA - FEDERAÇAO DAS SOCIEDADES COOPERATIVAS DE TRABALHO MEDICO;PB;310892.39;5454.25;9766.29
SAUDE SALV ASSISTENCIA MEDICA LTDA;RO;222347.58;17103.66;15529.81
VALEM ADMINISTRADORA DE BENEFÍCIOS LTDA;MG;201265.03;67088.34;42533.74
VITTA SAUDE ADMINISTRADORA DE BENEFICIOS LTDA.;SP;53132.41;26566.21;2207.50
CORPORE ADMINISTRADORA DE BENEFICIOS DA SAUDE LTDA;SP;42000.00;7000.00;0.00
ARL ADMINISTRADORA DE BENEFÍCIOS LTDA.;SP;28400.00;2840.00;0.00
CENTRAL OPERADORA DE PLANOS DE SAÚDE NORTE-NORDESTE LTDA;PB;14360.52;1595.61;2248.93
UP HEALTH ADMINISTRADORA DE BENEFÍCIOS S/A;ES;12200.42;12200.42;0.00
LEXUS ADMINISTRADORA DE BENEFICIOS LTDA;SP;4083.00;4083.00;0.00
MAXIMED PLANOS DE SAUDE LTDA;RJ;1.00;1.00;0.00
